tag_name,attribute,attribute_count,value|value_count
lb
"",rend,7,none|7
published
pages
text
variant
publication
lem
title
body
add
"",type,1221,alternate|1199,reading|21,overwrite|1
"",extent,1200,sated|1,She|1,told how|1,matured -|1,told|1,strikes|1,spill|1,a|5,round|1,still|1,a syllable -|1,Value|1,ruddier|1,scantily|1,disburse -|1,defer -|1,shivering|1,Country|1,remits|1,emerge|1,dumb|1,Adored|1,the|10,surer -|1,diligence|1,by|2,Still|2,are dreaming|1,it is|1,truth|1,never|1,the mistake -|1,phrase in Egyptian -|1,discern|1,cherished|1,As well as|1,|71,plotting Heart|1,a restricted|1,small|1,Bestows|1,could|2,Faith|3,Only, the|1,Bolt|1,The Chemist|1,can repay -|1,Thought is|1,That|4,Sound -|1,holds|1,notice|2,Silver|1,true|2,the other|1,plausibility|1,Novel|1,credit -|1,Corporation Coat|1,Fantastic|1,I met him|1,Balm to Balm|1,flits -|1,Mine - by the Right of the White Election!|1,Delirious Charter!|1,long as|1,fellowship -|1,trouble|2,now|2,that moment out of sight|1,Unconscious of his|1,settest|1,helped|1,stems|1,for me|1,elemental|1,career|1,On a strange Mob|1,abide|1,yawning Consciousness,|1,lonely Place|1,Best|1,gone -|1,I declare|1,But|3,As soon as|1,Rolling Load|1,dream -|1,were troughs|1,lid|1,tender Carpenter|1,tender|2,intimate|2,What function|1,stolid|1,lost|2,seeking|1,went|1,easy|1,novel Comforting|1,their|1,How|1,for|1,Grant -|1,wholly|1,species|1,Remotest|1,just a scrutiny|1,Horror|1,Illuminate -|1,conceive|1,strength|1,tell you|1,transport|1,unhelped -|1,Before -|1,Bliss I cannot weigh -|1,own|1,Bald|1,across|1,come|2,Coveting|1,stroke|1,Outvisions|1,far|2,nearer|1,Offended|1,fleet|1,an attitude|1,Ruin|1,Stalactite -|1,When|1,Baptized|1,assured|1,Present|1,Valves|1,then|1,deciduous|1,left|1,infinite|1,each|1,Temple|2,gone to sleep -|1,Amulets of Pine -|1,awe|2,Stranger|1,Summer's soft|1,see|4,eminence|1,Guinea|1,Would|2,Heavens|1,Show Me them -|1,It|1,believed|1,Childish|1,mingled|1,my life|1,take the|1,tips so frequent|1,suffered an Exchange|1,Place|1,My|2,Stole|1,Road|1,noise|1,Set separate|1,Carts -|1,turned - how -|1,Grace|1,to ease Extremity -|1,Formula, had failed -|1,Not subject to|1,great|1,were sufficient to|1,Her Glow|1,Teazing,|1,Only to aggravate|1,Through an|1,enamel -|1,created|1,prater|1,neighbors|1,keep|1,Whole Chaoses|1,frequent|1,unto|1,sudden legacy of Green|1,fretting|1,short|2,for Mine|1,persons|1,confer|1,Palace|1,sentenced Faces|1,Beryl|1,fitting - a|1,Some shall|1,Whole|1,seduce|1,Longest|1,Largest|1,fonder cluster|1,behold|1,Just|1,stain|1,Quick of Day|1,Quick|2,cannot|1,is|3,Nor Plea for|1,extent|1,plausible|2,Memory|1,enchant -|1,Orchestra|1,a different|1,beyond|1,Curricle|1,Bear|1,Deep|2,stir|1,power|1,fluctuates|1,commences|1,trying|1,Saluting|1,coax a Leech away|1,seek|1,Chance|1,strongest|1,stead|1,fade -|1,held|1,that she met|1,hide|1,unfitted|1,undepicted|1,Top -|1,strong|1,your|2,him|1,striding spirits|1,Father|1,finished -|1,Words are handed|1,beside|1,order|1,Winces|1,Are Drums too near -|1,who dare|1,start|1,Bankruptcy -|1,Sun|1,Midsummer|1,time|1,real|3,Real|1,but been|1,rectified -|1,rankle|1,And|6,disdained|1,takes|1,gracious|1,does not|1,is polite - and stays -|1,her -|1,Decay|2,inspection|1,Confirm -|1,be|2,look|1,Confident|1,Morning|1,very lonesome -|1,full time -|1,Shame|1,still -|1,leads|1,Such|1,Toward|1,seesaw|1,Bliss|1,chiefest|1,Can|1,plunge,|1,Finished|1,Babble|1,Hoary|1,Suit|1,Esteem|1,Prove -|1,bright|1,Shadows|1,rouse|1,intact to Bandit -|1,dwelling|1,It's|2,witnessed|1,it's|2,That - will do -|1,farther|1,dropped|1,mighty|1,meddle|1,waved|1,unremembered|1,They're Water - equally -|1,License|1,Spice|1,Subject|1,Foreigners -|1,boldest|1,traveller|1,To|1,shimmering|1,sheen -|1,awkward in|1,prove ability|1,Broad Possession|1,'Twas little - He should see -|1,prepare|1,For|1,worship|1,Boroughs|1,gathered|1,Delights|1,foreheads|1,sure -|1,had|1,the Whole|1,perish -|1,sabres|1,slowly|1,floor|1,Make haste|1,stopped|1,meanest Tunes|1,Jubilee|1,confirmed|1,Danger|1,Postulate -|1,we|2,Gale|1,Tentacles|1,as|2,To know the worst, leaves no dread more -|1,seats itself to be let go|1,delusive|1,Traveller|1,Yet not too far|1,that stoop|1,know you not|1,Mien,|1,pensive|1,Them?|1,Without a syllable -|1,spotted|1,panting|1,inference|1,Ancient|1,Not a frost could cool -|1,Worlds were lying out to sun|1,After Sun has set -|1,Darkness intersect her face|1,And put out her eye -|1,Argues|1,stealing that is not a stealth|1,is away|1,may|4,invested|1,serve|1,meadow|1,Impregnable|1,it|2,Imported|1,Seeks|1,faintly|1,clumsy|1,swift|1,gradual|1,quickening -|1,that Beetles love|1,His|2,terror|1,merriment|1,infiniter|1,unobtrusive|1,furthest|1,idleness|1,Opon a Bank of Stone|1,meet|1,Nature|1,Exactly|1,Hemisphere|1,Retired|1,Spire -|1,mystic|1,come back|1,hovering|1,breast|1,By the Wizard Sun -|1,Just a Dome of Abyss is Bowing|1,Into Solitude|1,Into|1,Visions|1,flitted|1,Paralyzed, with Gold -|1,passing|2,Condition|1,achieve|2,proved I|1,Life - be|1,And it's partly,|1,steepest|1,And kiss the Hills, for me, just once -|1,Then|1,Beam -|1,detained -|1,flesh|1,value|1,Removes|1,paltry|1,Thing|1,sternest|1,feature|1,Quality|1,men|1,passed|1,profound|1,voice|1,w|1,Vaster -|1,note|1,Sunset|1,Debate -|1,No different|1,accounted|1,Yet|2,end -|1,another such a might|1,competent|1,silly joy|1,shackles|1,staples,|1,guess it,|1,Strong|1,Tooth|1,shallow|1,Torrents|1,all but|1,fairy|1,that|1,in|3,Vast Prairies|1,Creation stopped -|1,Outstaring|1,his|3,Lands|1,near|1,so native seems|1,native|1,So easy|1,argue|1,these|1,fair -|1,Theology|1,Demeans|1,concedes|1,indeed the offer|1,From Manzanilla come!|1,of the Life -|1,that I may|1,last Delight|1,blameless|1,objection|1,odiouser|1,Fleet|1,do|3,split their route to the Sky|1,easier reached -|1,define|1,tune|1,gradually|1,a departing light|1,acuter, quite|1,stir,|1,push of Joy -|1,Saxon|1,Spreads|1,defrauded|1,struggled|1,Belief to|1,to comprise it|1,Some|2,The Tradition|1,Fresh|1,Though|2,would|2,knew|1,linger|1,who|1,did|1,Will|2,supreme|1,forsook|2,Mercy|1,begging|1,quickly|1,break|1,remote as this|1,In|1,Yonder|1,accidents|1,Dont you know - me?|1,Snatch it for|1,People|1,tost|1,triumphs - to|1,speculate|1,safely -|1,drop Him -|1,Him|1,last|1,more the way|1,Runs|1,chance|1,peels|1,The Firmaments - are still -|1,Catch|1,free it|1,fine Orion till you furl your Eye -|1,furl|1,still more high|1,Gammuts|1,Are|1,And yet|2,stigma|1,chosen|1,Time|1,He'll|1,Other|1,array|1,Grief|1,most|1,Demand|1,Maker|1,emits|1,divided with|1,The Redbreast of the Barn|1,missed|1,I've ransomed it - alive -|1,hanging|1,Was waiting|1,Miracles of|1,gathers|1,gathers ruddy|1,Opon Vermillion Wheels -|1,her Vital Privilege|1,connect -|1,dissolve|1,Absorbed - Numb|1,Parallel|1,Significance|1,gave|1,Did make as to|1,Voices|1,multiply|1,The Witnesses were not|1,arrayed|1,applause -|1,Deity|1,Flood|1,controlled|1,procured|1,threw|1,The Waves grew sleepy -|1,address|1,Tropic|1,Show|1,her|2,expanding|1,Fit|1,Muscle|1,Disclosed to be|1,A Glee as sweet|1,as if the stars were shining in your Hand -|1,stars|1,Their|1,steadier,|1,The|2,Sermon|1,Zion is inordinate -|1,Crooked Hills|1,gaze opon|1,forbidden|1,As Heaven|1,wealthy|1,ring|1,Just as the case may be -|1,Travel|1,offence|1,Retrospection|1,indicate -|1,weighed the most - by far -|1,solid|1,Till|1,dreaming|1,sleeping -|1,echoed faint -|1,mine|1,me|1,can|1,will|1,smaller|3,fly|1,faded|1,yet|2,reply.|1,force|1,shortness up|1,shortness|1,Silk|1,plead|1,assumes|1,Some Other Shame.|1,Resurrections|1,While our two Souls that|1,Which|1,falling|1,leaked|1,More|1,Bird|1,slumber on|1,Firmament|1,One|1,confide it|1,erasing|1,subtle|1,ooze|1,Master - I've seen the face before|1,fair|1,familiar Lifetime|2,Lifetime|2,stay|1,Can anybody tell?|1,Beyond|1,hope|1,Receiving|1,gentle|1,permitted so,|2,I groped|2,were|1,touch|1,dip|1,estimate|2,sumptuous|1,a search|1,inhaled it|1,Was all that saved|1,to Himself|1,His Yarn of Pearl - unwinds -|1,Yarn|1,unwinds -|1,Continents|1,dangle from|1,Boundaries -|1,Foot|1,Storm|1,spice|1,made|1,dress|1,Cushions Mystery with Tulle,|1,teaze|1,mashes|1,half|1,consciouser|1,I give|1,mercy's|1,Either|1,Parties|1,little|1,Seeking|1,be lean|1,boldest mind will pine|1,Throw|1,fair - averring -|1,finer|1,searched|1,was|1,There came|1,could be -|1,Bushes -|1,How mighty|1,cohere -|1,concealed in thee|1,Need|1,An|1,Daisies,|1,waste|1,thrill|1,What|1,Lord|1,hinder Them|1,with|1,Coy|1,was left|1,Greediness|1,gained|1,lighter|2,sneer|1,price|1,do -|1,still it's noisy Hands -|1,hoar|1,thee -|1,is missed - in|1,All Else|1,merciful|1,an Idol's|1,oft|1,Block|1,whole Arc|1,Arc|1,one - small|1,Crowing|1,A half unconscious Queen -|1,half unconscious|1,Crown|1,Evokes|1,the Ceilings|1,out,|1,endued|1,privilege|2,Flesh|1,my|1,Within|1,Birmingham|1,thronging|1,rest|1,censure|1,Future a Dispute -|1,Neighbor out|1,Yards -|1,of the Pines -|1,These|1,astray|1,service|1,deliver here|1,stirs the news|1,Fire that lasts|1,never knew|1,proving|1,seas|1,Result -|1,about|1,we knew he was|1,hoisted|1,To meet|1,so learned|1,learned|1,good|1,missile|1,Brave|1,entire|1,shall stand -|1,scares|1,dauntless|1,go at noon,|1,an axle, held|1,I|2,perfect Sum|1,Resemblance -|1,this|2,Making|1,large|1,advance|1,ample|1,of|1,difficult|1,intact|1,Toes -|1,in -|2,dull|1,gale|1,the same|1,reach|2,ere|1,vast|1,dares -|1,suffice|1,decorate|1,Ease of Gianture -|1,Ignores|1,Calumnies -|1,instant|1,Informing -|1,held opon - of|1,Head|2,Threnodies|1,Body|1,And just - revere -|1,release|1,looks upon|1,steady tilled|1,refund|1,pay|1,Curtail|1,Affluence|1,Whim|1,course|1,thy sacred Prey|1,thy|1,silent|1,careless|1,one - had been|1,at home|1,must|1,Waters|1,solemn|1,magical|1,soft|2,soft at night|1,securer|1,strictly|1,Take|1,sooner|1,brawling|1,quiet|1,the Fuse|1,divide|1,discourse|1,Charcoal -|1,exists|1,Not yet suspected|1,Flash|1,Click -|1,Sustenance -|1,face|1,momently ajar|1,Somewhat that|1,was in the best of humors|1,Convinced|1,us|1,sides|1,prompter than|1,an Accustomed|1,though yet|1,the Actual -|1,True|1,Loaded|1,Fitter Feet - of Her|1,ask|1,Motion|1,He's|1,well|1,Earth|1,Covered|1,bending|1,Assiduously|1,hurriedly|1,inmates|1,presumption|1,special|1,take|2,here nor there|1,Outside|1,breathed|1,Oh, Reward of|1,watched|1,fluttering|1,hitherto|1,'Tis still|1,cease|1,famine -|1,treason|1,We spurned -|1,drills|1,happily|1,.|1,portentous|1,for whence|1,sage|1,you or I -|1,Hugest|1,ye|1,Noon -|1,anew|1,shown|1,Were|1,wonderful|1,distant|1,enacted|1,Firmaments|1,from trips|1,trips|1,plan|1,normal|1,Shoved|1,Spirit|1,Absence|1,Abridge|1,Routes|1,Include Us -|1,has|1,dine|1,Better|1,The cooler - Host -|1,The Prudent|1,O'erlooking a Superior Spectre -|1,More near -|1,Trough|1,Thought|1,Guile|1,caress|1,firmament salute|1,Axis never comes|1,Axis|1,Cancelled|1,Two|1,disperse -|1,share|1,Greed|1,Boasting|1,Basking|1,To westward|1,overlook|1,Treason|1,Now|1,Ask|1,led|1,With|1,gratitude|1,deal us|1,Circuit|1,Phantasm|1,like|1,That - indeed - redeem -|1,search|1,home|1,bleats|1,spurn -|1,Contain -|1,Arduous|1,stoop|1,scraps|1,somewhat|1,shut|1,practises|1,Remote|1,our|1,trodden out|1,Latch|1,held among|1,Maintain -|1,is Their's|1,retard - or further -|1,Brand|1,indorsed|1,instinct|1,Hoar,|1,best|1,slower|1,dismay|1,mighty Van|1,Fact|1,spurns|1,cherish, and|1,did'st|1,waited|1,I am deaf - Today|1,reinforced|1,recollected|1,Crape|1,dwelt|1,Contract|1,Wiser|1,last Decade away,|1,question|1,Or|1,when|1,Garden keep|1,resume|1,wilted|1,correct|1,Is pushing|1,pushing close behind|1,flight|1,her to be a Bride|1,faded Meat -|1,color|1,Darkness|1,Conspire against|1,Penury|1,Reverse|1,Worthiness|1,tasting -|1,should|1,Bosom|1,she did not fright|1,Warm|1,chose|1,drop|2,Birds|1,Problem|1,Ruffle|1,Night|1,change|1,ravished Holiness|1,Room -|1,Pyramidal|1,unconscious|1,grappled|1,feel -|1,the News of Night|1,Nay, Nature,|1,adequate|1,support|1,Past|1,Affirming|1,Consenting|1,Worthily|1,impotent|1,make of|1,imperfect|1,final|1,Go|1,Redemption|1,stretch|1,Adequate|1
pb
em
del
"",type,8,canceled|8
"",extent,8,|1,would|1,questioned |1, / I, my riddle bring,|1,w|1,prove|1,Volcanic|1,in|1
p
sourceDesc
rdg
div
"",type,4824,transcript|4824
"",id,4824,F1426A|1,F1644A|1,J1372|1,J1725|1,F401C|1,J1366|1,J1731|1,J738|1,F1641F|1,F1433C|1,SH14-125|1,F154A|1,F389A|1,F378A|1,F150B|1,SH14-131|1,F1623A|1,P96-104|1,F1451B|1,F1314B|1,J1169|1,J1686|1,J78|1,J1692|1,J64|1,F1456A|1,F1617B|1,P96-118|1,F1317B|1,J713|1,J1155|1,F420C|1,F753A|1,F767A|1,F410A|1,J1141|1,F1639B|1,P96-92|1,J707|1,F1322B|1,P91-37|1,F1521B|1,F1208C|1,F1518A|1,P91-43|1,J452|1,F551A|1,F540A|1,J446|1,J275|1,P90-109|1,F729B|1,P91-72|1,F1494A|1,J899|1,P91-86|1,F1489F|1,F724B|1,F920A|1,J261|1,P90-115|1,F895F|1,F577A|1,J249|1,P91-28|1,J957|1,J911|1,F1183D|1,F1189A|1,J905|1,J943|1,F720A|1,F569B|1,F907A|1,F61B|1,J222|1,P96-79|1,F123A|1,P96-65|1,J236|1,J1128|1,F66B|1,J406|1,F442B|1,F102A|1,F106B|1,F455A|1,J412|1,J1770|1,J439|1,J181|1,F1014A|1,F28A|1,F584A|1,F1544B|1,P96-40|1,J779|1,F1547B|1,P96-26|1,F2A|1,F33A|1,F590A|1,J1764|1,J195|1,F1036A|1,F55A|1,F608B|1,J1103|1,J745|1,F1073A|1,F124F|1,F128A|1,F1067A|1,J751|1,J1117|1,J1758|1,J209|1,F1022C|1,F1367A|1,SH14-115|1,J21|1,J1486|1,F890B|1,F282A|1,J35|1,J1492|1,SH14-101|1,F1357C|1,F236A|1,F287A|1,F294A|1,F239A|1,SH14-72|1,F1666C|1,F1774A|1,J1525|1,J1572|1,F1787A|1,J1531|1,J1566|1,J1289|1,F1234B|1,SH14-58|1,F1671B|1,F263A|1,F1216B|1,J547|1,SH14-86|1,F1665A|1,J1301|1,F878B|1,F867A|1,J1315|1,J553|1,F1213A|1,F267A|1,J1314|1,F867B|1,F268A|1,F1214A|1,J552|1,F1664A|1,SH14-87|1,J546|1,F1216C|1,F263B|1,F879A|1,J1300|1,J1288|1,J1567|1,J1530|1,F1786B|1,F1671A|1,SH14-59|1,F1234C|1,F1666B|1,SH14-73|1,J1573|1,J1524|1,F1773A|1,F293A|1,F238A|1,F235A|1,F286C|1,J1493|1,J36|1,F281A|1,F1357B|1,SH14-100|1,SH14-114|1,F1366A|1,F889A|1,J1487|1,J22|1,J750|1,F1068A|1,F128B|1,F1023A|1,J208|1,J1759|1,J1116|1,J1102|1,F609A|1,F56A|1,F1037A|1,F124G|1,F1074A|1,J744|1,F2B|1,P96-27|1,F1547A|1,J194|1,J1765|1,F590B|1,F34A|1,F585A|1,F29A|1,F1014B|1,J180|1,J438|1,J1771|1,J778|1,P96-41|1,F1544A|1,F106A|1,J413|1,F454A|1,F442A|1,J407|1,F101A|1,P96-64|1,F66A|1,J1129|1,J237|1,J223|1,F61A|1,F122D|1,P96-78|1,J904|1,F1190A|1,F908A|1,F570A|1,F721A|1,J942|1,J956|1,P91-29|1,J248|1,F577B|1,F896A|1,F1184A|1,J910|1,F1489E|1,P91-87|1,J898|1,P91-1|1,J260|1,F921A|1,F725A|1,F730A|1,P90-110|1,J274|1,F1493A|1,P91-73|1,J447|1,F539A|1,F550A|1,J453|1,F1519A|1,P91-42|1,P91-36|1,F1208B|1,F1521C|1,J1140|1,F411A|1,F768A|1,F1323A|1,J706|1,P96-93|1,F1639A|1,J712|1,F1318A|1,F754A|1,F421A|1,J1154|1,J63|1,J1693|1,P96-119|1,F1617A|1,F1456B|1,F1314C|2,F1451C|1,P96-105|1,F1622A|1,J77|1,J1687|1,J1168|1,F377A|1,SH14-130|1,F150A|1,F153B|1,SH14-124|1,F388A|1,J1730|1,J1367|1,F1433B|1,F1641G|1,J739|1,F1644B|1,F1425C|1,F401A|1,J1724|1,J1373|1,F1641E|1,F144A|1,F1432C|1,J1365|1,J1732|1,J1371|1,J1726|1,F1346A|1,F1425A|1,F1643B|1,F148A|1,F1441A|1,SH14-128|1,J1359|1,F379A|1,F390A|1,SH14-122|1,F152A|1,F1458A|1,F1618A|1,P96-121|1,J698|1,J1691|1,J61|1,F777A|1,J1685|1,J75|1,F1624A|1,P96-107|1,F1453A|1,J704|1,F1325A|1,F766A|1,F409B|1,J1142|1,J1156|1,J1719|1,J49|1,F420B.1|1,F752B|1,F1320A|1,J710|1,J479|1,P91-40|1,F1520B|1,J939|1,F1523A|1,F560A|1,P91-34|1,F537A|1,F750A|1,J445|1,J451|1,F549A|1,F727A|1,J262|1,P91-3|1,P91-85|1,F1489C|1,F1180B|1,P91-71|1,F1491A|1,J276|1,P90-112|1,J968|1,F732A|1,J940|1,F571B|1,F910A|1,F1188A|1,J906|1,P91-59|1,F1513A|1,J912|1,F1183C|1,F897B|1,F579A|1,J954|1,J235|1,F430B|1,F64A|1,P96-66|1,P96-80|1,F1049A|1,F60A|1,J221|1,J399|1,F452A|1,J411|1,F107A|1,F103A|1,J405|1,F440B|1,F35B|1,F592A|1,J1088|1,J1767|1,J196|1,F1546A|1,P96-25|1,F1A|1,F1095A|1,F1542B|1,P96-39|1,J1773|1,J182|1,F31A|1,F587A|1,J1114|1,F1025A|1,F127A|1,F1066A|1,J752|1,F1539B|1,P96-53|1,J746|1,F1072A|1,F124E|1,F1039A|1,J1100|1,SH14-98|1,F1356C|1,J1329|1,J38|1,J1491|1,J24|1,J1485|1,F1364B|1,F258B|1,SH14-112|1,F237A|1,F295A|1,F287B|1,J1519|1,F1350F|1,F233B|1,SH14-61|1,F1671C|1,F1785A|1,J1532|1,J1565|1,F856A|1,F1771A|1,J1526|1,J1571|1,J578|1,SH14-65|2,F1667A|1,J550|1,F1215A|1,F270A|1,F866A|1,J9|1,J1559|1,J1316|1,J1302|1,F878A|1,F265A|1,F1217A|1,J544|1,F877A|1,J1303|1,J545|1,F1216D|1,F264A|1,F269A|1,F1214B|1,J551|1,J1317|1,J1558|1,J10|1,F865A|1,J1570|1,J1527|1,F1772A|1,F855B|1,F1668A|1,SH14-64|2,J579|1,F1671D|1,SH14-60|1,J1564|1,J1533|1,F1786A|1,J1518|1,F288A|1,F234A|1,F1351A|1,F237B|1,F295B|1,J1484|1,J23|1,SH14-113|1,F259A|1,F1365A|1,F1357A|1,SH14-99|1,J1490|1,J37|1,J1328|1,F124D|1,F1071A|1,J747|1,P96-52|1,F1539C|1,J1101|1,F1038A|1,F1024A|1,J1115|1,J753|1,F1065A|1,F126A|1,P96-38|1,F1543A|1,F586A|1,F30A|1,J183|1,J1772|1,J197|1,J1766|1,J1089|1,F591A|1,F35A|1,F1094A|1,P96-24|1,F1546B|1,F104A|1,F441A|1,J404|1,J410|1,F453A|1,F108A|1,P96-81|1,J398|1,J220|1,F60B|1,F1050A|1,F65A|1,F431A|1,J234|1,P96-67|1,F1183B|1,J913|1,J955|1,F578A|1,F897A|1,F909A|1,F571A|1,J941|1,F1514A|1,P91-58|1,J907|1,F1187A|1,F1492A|1,P91-70|1,F1180A|1,F731A|1,J969|1,P90-111|1,J277|1,P91-2|1,J263|1,F726A|1,F1489D|1,P91-84|1,F549B|1,J450|1,J444|1,F751A|1,F538A|1,F1522A|1,P91-35|1,F561A|1,P91-41|1,J478|1,J938|1,F1520A|1,F752A|1,F420A|1,J50|1,J1718|1,J1157|1,J711|1,F1319A|1,F1324A|1,J705|1,J1143|1,F409A|1,F765A|1,J76|1,J1684|1,F1452A|1,P96-106|1,F1624B|1,J699|1,P96-120|1,F1619A|1,F1457A|1,F776A|1,J62|1,J1690|1,F391A|1,F153A|1,SH14-123|1,SH14-129|1,F1441B|1,F149A|1,F379B|1,J1358|1,J1727|1,J1370|1,F1643A|1,F1425B|1,F1347A|1,F1433A|1,F144B|1,F1641D|1,J1733|1,J1364|1,F381B|1,F145B|1,SH14-133|1,SH14-119|1,F155B|1,F1451A|1,F387A|1,J1348|1,J1360|1,J1737|1,F1640A|1,F1340A|1,F1431A|1,F138A|1,F1427A|1,F1645A|1,J1374|1,J1723|1,F761A|1,F412A|1,J1708|1,J1147|1,J60|1,J701|1,F1328A|1,F1316A|1,J715|1,J1153|1,F418A|1,F755B|1,J1694|1,J66|1,F1455B|1,F1616D|1,P96-116|1,F1627A|1,J689|1,P96-110|1,F1453D|1,F786A|1,J1680|1,J72|1,F541A|1,J440|1,J454|1,F546A|1,F744B|1,F1516B|1,P91-45|1,F568B|1,J468|1,P91-31|1,F1525A|1,J928|1,F1191A|1,J903|1,J945|1,F572B|1,F905A|1,F899A|1,F576A|1,J951|1,P91-68|1,J917|1,F1506B|1,F1180C|1,P91-80|1,F1488D|1,F1172B|1,F723A|1,J267|1,J979|1,P91-6|1,J273|1,P90-107|1,F735A|1,P91-74|1,F1496A|1,F111A|1,F449A|1,J414|1,J400|1,F443A|1,F100A|1,P96-71|1,J230|1,J388|1,F67B|1,F1060A|1,F57B|1,F440A|1,J224|1,P96-77|1,F129A|1,F1061A|1,F1535A|1,J757|1,P96-62|1,J1111|1,F1028A|1,F1034A|1,J1105|1,J743|1,F1075A|1,F123B|1,F1549A|1,F3A|1,P96-28|1,F38A|1,F593B|1,J1762|1,J193|1,P90-1|1,J1099|1,J187|1,F26A|1,F582A|1,F1086A|1,F1540C|1,P96-34|1,J1508|1,F292A|1,F1356B|1,F240B|1,F231A|1,F290A|1,J1494|1,J33|1,SH14-103|1,F1358A|1,F252A|1,F1362A|1,SH14-109|1,J1338|1,J1480|1,J27|1,F868A|1,J1313|1,J555|1,F1211A|1,F273A|1,F262A|1,F1219B|1,J541|1,J20|1,J1307|1,J1548|1,F874A|1,J1537|1,F1782A|1,J1560|1,F863A|1,J569|1,F1672B|1,SH14-70|1,F1666A|1,J1523|1,F1776A|1,J1574|1,F1665D|1,SH14-71|1,J1575|1,F1775A|1,J1522|1,F864A|1,J1561|1,F1781A|1,J1536|1,F1672A|1,J568|1,J540|1,F1220A|1,F262B|1,F875A|1,J1549|1,J1306|1,J19|1,J1312|1,F869A|1,F273B|1,F1212A|1,J554|1,SH14-108|1,F1361B|1,J28|1,J1481|1,J1339|1,J34|1,J1495|1,F251A|1,F1357D|1,SH14-102|1,F230B|1,F289B|1,F291E|1,J1509|1,F240A|1,F1356A|1,F583A|1,F27A|1,J186|1,J1098|1,P90-2|1,P96-35|1,F1540B|1,F1086B|1,P96-29|1,F3B|1,F1548A|1,J192|1,J1763|1,F594A|1,F38B|1,J1104|1,F1035A|1,F124A|1,F1076A|1,J742|1,P96-63|1,J756|1,F1534A|1,F1062A|1,F129B|1,F1029A|1,J1110|1,J225|1,F439A|1,F57A|1,P96-76|1,P96-70|1,F1059A|1,F67A|1,J389|1,J231|1,F442C|1,J401|1,F99B|1,F110B|1,J415|1,F448A|1,F735B|1,P90-108|1,J272|1,F1495A|1,P91-75|1,F1173A|1,F1488C|1,P91-81|1,P91-7|1,J978|1,J266|1,F724A|1,J950|1,F576B|1,F900A|1,F1181A|1,F1506A|1,J916|1,P91-69|1,J902|1,F1192A|1,F906A|1,F572C|1,J944|1,P91-30|1,J469|1,J929|1,F1525B|1,F1517A|1,F568A|1,P91-44|1,F744A|1,F545A|1,J455|1,J441|1,F540B|1,F1454A|1,P96-111|1,J688|1,F1626B|1,J71|1,J1681|1,F787A|1,J65|1,J1695|1,P96-117|1,F1616C|1,F1455C|1,J714|1,F1317A|1,F756A|1,F418B|1,J1152|1,J59|1,J1146|1,J1709|1,F413A|1,F762A|1,F1329A|1,J700|1,F1646A|1,F1426B|1,F137B|1,J1722|1,J1375|1,J1736|1,J1361|1,F1430A|1,F1339A|1,F1641A|1,F1450A|1,F155A|1,SH14-118|1,J1349|1,F386A|1,F381A|1,SH14-132|1,F145A|1,F384A|1,SH14-120|1,F156A|1,F146A|1,SH14-134|1,F380A|1,J1377|1,J1720|1,F1428A|1,J729|1,F1647B|1,F1641C|1,F1432A|1,F408A|1,J1363|1,J1734|1,J1150|1,F419A|1,F758A|1,F1315A|1,F1634A|1,J716|1,P96-103|1,J702|1,F1327A|1,F764A|1,F415A|1,J1144|1,J1683|1,J73|1,F1625A|1,P96-109|1,F1453C|1,F1455A|1,F1307A|1,F1616A|1,P96-115|1,J1697|1,J1178|1,J67|1,J457|1,F547A|1,F542A|1,J443|1,F1524A.2|1,P91-32|1,P91-46|1,F1199A|1,F1516A|1,J914|1,F1183A|1,F711A|1,F898A|1,F575A|1,J952|1,J258|1,J946|1,P91-19|1,F572A|1,F904A|1,F1194A|1,J900|1,P91-77|1,J888|1,F1497A|1,J270|1,P90-106|1,F734A|1,F930A|1,F722A|1,J264|1,P91-5|1,P91-83|1,F1489A|1,F98E|1,J403|1,F444A|1,F450A|1,J417|1,F109A|1,P96-74|1,F58A|1,J227|1,J1139|1,J233|1,F68A|1,F117B|1,P96-68|1,J740|1,F1078A|1,F124C|1,F1033A|1,J1749|1,J1106|1,J218|1,J1112|1,F47A|1,F1027A|1,F602A|1,F131A|1,F1064A|1,J754|1,F1541A|1,P96-37|1,J1775|1,J184|1,F25A|1,F581A|1,F37A|1,F1022B|1,F593A|1,J1761|1,J428|1,J190|1,F1550A|1,F4B|1,J768|1,P96-31|1,F288B|1,F232A|1,F241A|1,F291C|1,J1483|1,J26|1,F286A|1,F1363A|1,SH14-110|1,SH14-104|1,F1358B|1,F895D|1,J1497|1,J32|1,J1304|1,F876B|1,F261A|1,F1219A|1,J542|1,SH14-97|1,J556|1,F1655A|1,F1210A|1,F272A|1,F871A|1,J1310|1,J1520|1,F1777A|1,J1298|1,J1577|1,SH14-69|1,F1665B|1,F1228A|1,SH14-63|1,F1671E|1,J1534|1,F1783A|1,J1563|1,F1671F|1,SH14-62|1,J1562|1,F1784A|1,J1535|1,J1576|1,J1299|1,F1778A|1,J1521|1,F1227D|1,F1665C|1,SH14-68|1,F271A|1,F1209A|1,F1656A|1,J557|1,SH14-96|1,J1311|1,F870A|1,F876A|1,J1305|1,J543|1,F1218A|1,F260A|1,F1359A|1,SH14-105|1,J31|1,J1496|1,F895E|1,F286B|1,J25|1,J1482|1,SH14-0|2,F1364A|1,F242A|1,F291D|1,F289A|1,F233A|1,J191|1,J429|1,J1760|1,F592B|1,F1022A|1,F36A|1,P96-30|1,J769|1,F4A|1,F1551A|1,P96-36|1,F1542A|1,F580A|1,F24B|1,J185|1,J1774|1,F601A|1,F1026A|1,F46A|1,J1113|1,J755|1,F1063A|1,F130A|1,F124B|1,F1077A|1,J741|1,J219|1,J1107|1,J1748|1,F1032A|1,F69A|1,J232|1,P96-69|1,F118A|1,P96-75|1,J1138|1,J226|1,F59A|1,J416|1,F451A|1,F110A|1,F99A|1,F445A|1,J402|1,P91-4|1,J265|1,F721B|1,F1489B|1,P91-82|1,F1498A|1,J889|1,P91-76|1,F929A|1,F733A|1,P90-105|1,J271|1,F903A|1,F571C|1,P91-18|1,J947|1,J259|1,J901|1,F1193A|1,F1182A|1,J915|1,J953|1,F574A|1,F897C|1,F710A|1,P91-47|1,F1515A|1,F1200A|1,F1524A.1|1,P91-33|1,J442|1,F542B|1,F548A|1,J456|1,P96-114|1,F1616B|1,F1306A|1,F1454D|1,J68|1,J1179|1,J1696|1,J74|1,J1682|1,F1453B|1,P96-108|1,F1626A|1,F1326A|1,J703|1,J1145|1,F414A|1,F763A|1,F757A|1,F418C|1,J1151|1,P96-102|1,J717|1,F1635A|1,F1432B|1,F1641B|1,J1735|1,J1362|1,F408B|1,J1721|1,J1376|1,F1647A|1,J728|1,F1428B|1,SH14-135|1,F147A|1,F380B|1,F385A|1,F157A|1,SH14-121|1,J1391|1,J137|1,J1229|1,P96-164|1,F1413A|1,F187B|1,F1422B|1,SH14-12|1,J1385|1,J124|1,F375A|1,F167A|1,F163A|1,F1405A|1,F362B|1,J1419|1,J1665|1,J1432|1,J95|1,F1609A|1,P96-127|1,F1604B|1,P96-141|1,J678|1,F794B|1,J1671|1,J1426|1,J81|1,F799A|1,J1216|1,J1659|1,J109|1,J650|1,F196A|1,F1279D|1,F1284A|1,F193A|1,J644|1,J1202|1,F806C|1,P91-132|1,J335|1,F509A|1,F964A|1,J499|1,J321|1,P91-146|1,F532A|1,J511|1,J505|1,F520A|1,P91-91|1,F1483A|1,F1166C|1,F675A|1,J296|1,P90-92|1,J988|1,J282|1,P90-98|1,F669A|1,P91-105|1,F1478A|1,F1141A|1,J852|1,J1014|1,F945A|1,F955A|1,J1000|1,J846|1,P91-119|1,F1473A|1,F1145A|1,J839|1,F1583B|1,J379|1,P90-55|1,F482A|1,P90-49|1,F1589A|1,F91A|1,F660A|1,F457B|1,J345|1,J351|1,F471A|1,F96A|1,F1558A|1,P96-19|1,F16C|1,F634A|1,P90-18|1,J162|1,J1068|1,P90-12|1,J176|1,F19A|1,F638A|1,F1106A|1,F1563A|1,P96-5|1,F1116A|1,F1577A|1,P91-159|1,J806|1,J1040|1,F987A|1,F494B|1,F503A|1,F974B|1,J1054|1,J812|1,F1111A|1,J1632|1,J1465|1,F1716A|1,F1377A|1,F215A|1,F1369A|1,F1275C|1,F1722A|1,J1626|1,J1471|1,J1459|1,F300A|1,F1383B|1,F219B|1,F224A|1,F313A|1,F1751A|1,J1591|1,F842A|1,F1396A|1,J598|1,SH14-55|1,F1679A|1,SH14-40|2,F1684B|1,F1386E|1,F1765A|1,J1585|1,F329A|1,F828A|1,J1242|1,J604|1,F1259A|1,F1256A|1,J610|1,F1739A|1,J1619|1,J1256|1,F819B|1,F340A|1,J611|1,F1255A|1,F339A|1,F819A|1,J1257|1,J1618|1,F1740A|1,J1243|1,F827A|1,F328B|1,F1258A|1,J605|1,F1386D|1,F1685A|1,J1584|1,F1766A|1,F841A|1,J1590|1,F1752A|1,F1680A|1,SH14-54|1,J599|1,F1395B|1,F225A|1,F314A|1,F301A|1,J1458|1,F219C|1,F1383C|1,F1721A|1,F1276A|1,F1369B|1,J1470|1,J1627|1,J1464|1,J1633|1,F216A|1,F1378A|1,F1715A|1,J1055|1,F974A|1,F502A|1,F1110B|1,J813|1,J807|1,P91-158|1,F1577B|1,F1115A|1,F494A|1,F986B|1,J1041|1,F637A|1,F18C|1,J177|1,P90-11|1,J1069|1,P96-4|1,F1563B|1,F1105A|1,P96-18|1,F1559A|1,J163|1,P90-17|1,F633A|1,F16B|1,F472A|1,J350|1,F96B|1,F92A|1,J344|1,F458A|1,F661A|1,P90-50|1,F482B|1,F1588A|1,F1583A|1,J838|1,P90-56|1,J378|1,J1001|1,F954A|1,F1144A|1,F1474A|1,P91-118|1,J847|1,J853|1,F1140A|1,F944A|1,J1015|1,F668A|1,P90-97|1,J283|1,F1479A|1,P91-104|1,F1166B|1,F1484A|1,P91-90|1,J989|1,P90-91|1,J297|1,F674A|1,F521A|1,J504|1,J510|1,F533A|1,J320|1,J498|1,F964B|1,P91-147|1,P91-133|1,F510A|1,J334|1,J645|1,F192B|1,F1283A|1,F806B|1,J1203|1,J110|1,J1658|1,J1217|1,F798B|1,F1279C|1,F195B|1,J651|1,J679|1,P96-140|1,F1605A|1,J82|1,J1427|1,J1670|1,F794A|1,J96|1,J1433|1,J1664|1,P96-126|1,F1609B|1,F1406A|1,F164A|1,J1418|1,F363A|1,F375B|1,F168A|1,SH14-13|1,F1422C|1,F187C|1,J123|1,J1384|1,J1228|1,J136|1,J1390|1,F1414A|1,P96-165|1,J1386|1,J121|1,F814A|1,F1423B|1,SH14-15|1,SH14-1|1,F1416A|1,F352B|1,J1392|1,J134|1,F362A|1,F165A|1,F170A|1,F374B|1,J1672|1,J1425|1,J84|1,F1604A|1,P96-138|1,F1299A|1,F1608A|1,P96-124|1,J1189|1,J1666|1,J1431|1,J98|1,J1201|1,F807A|1,F1281A|1,F191B|1,F1601A|1,P96-152|1,J647|1,J653|1,F194B|1,F1278C|1,F799B|1,J1215|1,P91-145|1,J322|1,J1028|1,J336|1,P91-131|1,J506|1,F523A|1,F534B|1,J512|1,J879|1,P91-106|1,F1481A|1,J281|1,P90-95|1,J539|1,F666A|1,F935C|1,F672A|1,J295|1,P90-89|1,P91-92|1,F1484C|1,J845|1,F1146A|1,F700A|1,F952A|1,J1003|1,J309|1,P90-83|1,J1017|1,F942A|1,F1141B|1,J851|1,F1586A|1,F1136A|1,P90-52|1,P90-58|1,F87A|1,F1581A|1,F95B|1,J352|1,F474A|1,F460A|1,J346|1,F90A|1,F1564A|1,P96-6|1,P90-9|1,J175|1,F18A|1,F635C|1,F995B|1,F15A|1,F631A|1,P90-15|1,J161|1,F1561A|1,P96-20|1,J799|1,J811|1,F1112A|1,F501B|1,F972B|1,J1057|1,P90-43|1,J149|1,J1043|1,F985A|1,F492A|1,F11C|1,F627A|1,F1117A|1,J805|1,J1625|1,J1472|1,F322A|1,F1370A|1,F1723A|1,F1717A|1,J638|1,F1380A|1,J1631|1,J1466|1,F312A|1,F226B|1,F221A|1,F299A|1,F1768A|1,J1586|1,J1269|1,SH14-38|1,F1684A|1,F1247A|1,F1386B|1,F1394B|1,SH14-52|1,F1678A|1,F1754A|1,J1592|1,J1255|1,F819C|1,F341A|1,F1253A|1,J613|1,J607|1,SH14-26|2,F1710A|1,F1257A|1,F330A|1,F829A|1,J1241|1,F1257B|1,F1709A|1,SH14-27|1,J606|1,J1240|1,F830A|1,F331A|1,F342A|1,F819D|1,J1254|1,J612|1,F1254A|1,F1677A|1,SH14-53|1,F1395A|1,J1593|1,F1753A|1,J1268|1,J1587|1,F1767A|1,F1386C|1,F1248A|1,F1683A|1,SH14-39|1,F220A|1,F298A|1,F311B|1,F226A|1,F1379A|1,J639|1,F1718A|1,J1467|1,J1630|1,F321C|1,J1473|1,J1624|1,F1724A|1,F1369C|1,F628A|1,F12A|1,F493A|1,F986A|1,J1042|1,J804|1,F1118A|1,F1113A|1,J810|1,J148|1,P90-44|1,J1056|1,F973A|1,F501C|1,J160|1,P90-16|1,F632A|1,F16A|1,F996A|1,J798|1,P96-21|1,F1560A|1,P96-7|1,F1563C|1,F636A|1,F18B|1,J174|1,P90-10|1,J347|1,F459A|1,F89A|1,F95A|1,F473A|1,J353|1,P90-57|1,F1582A|1,F86A|1,F1135A|1,F1587A|1,P90-51|1,F943A|1,J1016|1,P90-84|1,J308|1,J850|1,F1142A|1,F1147A|1,J844|1,J1002|1,F953A|1,F701A|1,P90-90|1,J294|1,F673A|1,F1484B|1,P91-93|1,F1480A|1,P91-107|1,J878|1,F935D|1,F667A|1,J538|1,P90-96|1,J280|1,J513|1,F534A|1,F522A|1,J507|1,J337|1,J1029|1,P91-130|1,P91-144|1,J323|1,F1279B|1,F195A|1,J652|1,J1214|1,F800A|1,F807B|1,J1200|1,J646|1,P96-153|1,F1600C|1,F192A|1,F1282A|1,P96-125|1,F1607A|1,F1300A|1,J97|1,J1430|1,J1667|1,J1188|1,J83|1,J1424|1,J1673|1,P96-139|1,F1603A|1,F169A|1,F374A|1,F361A|1,F164B|1,F1415A|1,J135|1,J1393|1,F352A|1,F813B|1,J122|1,J1387|1,SH14-14|1,F1423A|1,F162A|1,F364A|1,F370A|1,F172B|1,F1421A|1,SH14-10|1,J126|1,J1383|1,F359C|1,F818A|1,J132|2,J1397|1,SH14-4|1,F1416D|1,F1285B|1,F189A|1,J642|1,J1204|1,F806A|1,F803B|1,J1210|1,F1597D|1,J656|1,P96-163|1,F197B|1,F1277B|1,F1601B|1,P96-135|1,F1293A|1,J1677|1,J1198|1,J87|1,J1420|1,J1663|1,J93|1,J1434|1,F1610A|1,P96-129|1,J503|1,F526A|1,F530A|1,J517|1,J1039|1,J327|1,P91-140|1,P91-134|1,J333|1,F950A|1,J318|1,J1006|1,P90-74|1,J840|1,F1150A|1,F1139A|1,J854|1,J1012|1,F691A|1,F946B|1,J284|1,P90-100|1,F663A|1,P91-103|1,F1477A|1,P91-97|1,J868|1,F1487A|1,F677A|1,F941A|1,J290|1,P90-86|1,J528|1,J357|1,F469A|1,F97A|1,F87B|1,F463A|1,J343|1,P90-47|1,F1591A|1,F79A|1,F1127A|1,F1578A|1,P90-61|1,F500A|1,F976A|1,F618B|1,J1052|1,J814|1,F1110A|1,F1120C|1,J800|1,P90-34|1,J1046|1,J158|1,F982A|1,F495B|1,P90-6|1,J170|1,F20B|1,F1005A|1,F639A|1,F1566A|1,J788|1,P96-11|1,F1556A|1,P96-17|1,F14A|1,F629A|1,P90-20|1,J164|1,F228A|1,F307A|1,F302A|1,F218A|1,F1372B|1,F1728A|1,J629|1,J1620|1,J1477|1,F327A|1,J1634|1,J1463|1,F1714A|1,F1375A|1,F1250A|1,SH14-37|1,J616|1,F1699A|1,J1250|1,F821A|1,F338A|1,F334B|1,F826A|1,J1244|1,J602|1,F1261A|1,SH14-43|1,F1686A|1,F1387B|1,F1763A|1,J1583|1,F1757A|1,J1278|1,J1597|1,F1239C|1,F1392A|1,SH14-49|1,F1674A|1,J1596|1,J1279|1,F1758A|1,F1675A|1,SH14-48|1,F1391A|1,F1239B|1,F1387A|1,F1687A|1,SH14-42|1,J1582|1,F1764A|1,J1245|1,F825A|1,F334A|1,F1260A|1,J603|1,F1700A|1,J617|1,SH14-36|1,F1249A|1,F337A|1,F820B|1,J1251|1,J1462|1,J1635|1,F328A|1,F1376A|1,F1713A|1,J628|1,F1727A|1,F1372C|1,J1476|1,J1621|1,F303A|1,F219A|1,F229A|1,F308A|1,P96-16|1,F1557A|1,J165|1,P90-19|1,F628|1,F13A|1,F638B|1,F1004A|1,F20A|1,J171|1,P90-5|1,P96-10|1,J789|1,F1567A|1,J801|1,F1120B|1,F495A|1,F981A|1,J159|1,J1047|1,P90-33|1,J1053|1,F618A|1,F975A|1,F499A|1,F1109A|1,J815|1,F1577C|1,F1128A|1,P90-62|1,P90-48|1,F80A|1,F1590A|1,F88A|1,J342|1,F464A|1,F470A|1,J356|1,F97B|1,F1487B|1,J869|1,P91-96|1,J529|1,P90-85|1,J291|1,F940B|1,F676A|1,F662A|1,P90-99|1,J285|1,F1477B|1,P91-102|1,J855|1,F1138B|1,F946A|1,F690A|1,J1013|1,P90-73|1,J1007|1,J319|1,F949B|1,F1149A|1,J841|1,P91-135|1,J332|1,J326|1,J1038|1,P91-141|1,J516|1,F531A|1,F527A|1,J502|1,J1435|1,J94|1,J1662|1,P96-128|1,F1611A|1,F1292A|1,P96-134|1,F1602A|1,J1421|1,J88|1,J1199|1,J1676|1,J1211|1,F803A|1,F1277A|1,F197A|1,P96-162|1,J657|1,F1598A|1,J643|1,F188A|1,F1285A|1,F805A|1,J1205|1,J1396|1,J131|1,F818B|1,F1417A|1,SH14-5|1,SH14-11|1,F1422A|1,F360A|1,J1382|1,J125|1,F371A|1,F173A|1,F162B|1,F365A|1,F172A|1,F1412A|1,J1408|1,F373A|1,F367A|1,F161A|1,SH14-3|1,F182A|1,F1416C|1,J1394|1,J127|1,J1380|1,J1238|1,F1420A|1,SH14-9|1,J655|1,F198A|1,F1278A|1,F801A|1,J1213|1,J1648|1,J1207|1,J120|1,F804C|1,F1285C|1,F190A|1,J641|1,F1613A|1,J669|1,P96-130|1,J1660|1,J92|1,J1437|1,F797B|1,J1674|1,J86|1,J1423|1,F1602C|1,P96-136|1,F529B|1,J514|1,J500|1,F525A|1,J488|1,J330|1,F972A|1,P91-137|1,P91-143|1,F519A|1,J324|1,J1011|1,F946C|1,F1137A|1,P91-128|1,J857|1,F1464A|1,J843|1,F1147B|1,F951A|1,J1005|1,F678A|1,J293|1,P90-87|1,P91-94|1,F1486A|1,F1160A|1,P91-100|1,F1476A|1,J287|1,J999|1,P90-101|1,F664A|1,F462A|1,J340|1,F88C|1,F98B|1,J354|1,F652A|1,F468A|1,P90-60|1,F491A|1,F1579A|1,J828|1,F1592A|1,J368|1,P90-46|1,J1045|1,F983A|1,F496A|1,F1119A|1,J803|1,F1572A|1,J817|1,P96-2|1,F1107A|1,F500B|1,F977A|1,J1051|1,F14B|1,F630A|1,P90-21|1,J1079|1,J167|1,F1555A|1,P96-14|1,F1099C|1,F1565A|1,P96-8|1,P90-7|1,J173|1,F21A|1,F640A|1,F217B|1,F304B|1,F310A|1,J1448|1,F1386A|1,F227B|1,F1711A|1,F1374A|1,F1270C|1,J1637|1,J1460|1,J1623|1,J1474|1,F1372A|1,F207B|1,F1725A|1,J601|1,F1262A|1,F332A|1,F823A|1,F1750A|1,J1247|1,J1608|1,J1253|1,F819E|1,F336A|1,F1251A|1,J615|1,F1393A|1,SH14-50|1,F1676A|1,F1756A|1,J1594|1,F848A|1,F1762A|1,J1580|1,SH14-44|1,J589|1,F1689A|1,F1388A|1,J1581|1,F1761A|1,F849A|1,F1388B|1,F1688A|1,J588|1,SH14-45|1,F1675B|1,SH14-51|1,F1394A|1,J1595|1,F1755A|1,F336B|1,F820A|1,J1252|1,J614|1,F1252A|1,F1263A|1,J600|1,J1609|1,J1246|1,F1749A|1,F824A|1,F333A|1,J1475|1,J1622|1,F1726A|1,F207A|1,F1371A|1,F1270B|1,F1373A|1,F1712A|1,J1461|1,J1636|1,J1449|1,F309A|1,F227A|1,F1385A|1,F217A|1,F304A|1,P96-9|1,F1564B|1,F641A|1,F22A|1,J172|1,P90-8|1,J166|1,J1078|1,P90-22|1,F630B|1,F14C|1,F1100A|1,P96-15|1,F1554A|1,F1108A|1,P96-3|1,J816|1,F1571C|1,J1050|1,F978A|1,F501A|1,F496B|1,F984A|1,J1044|1,J802|1,F1120A|1,F1593A|1,J829|1,P90-45|1,J369|1,F490A|1,P90-59|1,F1580A|1,F98A|1,F467A|1,F651A|1,J355|1,J341|1,F461A|1,F88B|1,F1475A|1,P91-101|1,F1160B|1,F665A|1,P90-102|1,J998|1,J286|1,P90-88|1,J292|1,F679A|1,F1485A|1,P91-95|1,F1148A|1,J842|1,J1004|1,F951B|1,F947A|1,J1010|1,F1463C|1,J856|1,P91-129|1,F1138A|1,P91-142|1,J325|1,F518A|1,F971A|1,J331|1,J489|1,P91-136|1,F524A|1,J501|1,J515|1,F529A|1,J1422|1,J85|1,J1675|1,P96-137|1,F1602B|1,P96-131|1,J668|1,F1612A|1,F798A|1,J1436|1,J91|1,J1661|1,F804D|1,J119|1,J1206|1,J1649|1,J640|1,F191A|1,F1285D|1,F1278B|1,F199A|1,J654|1,J1212|1,F802A|1,J1239|1,J1381|1,J128|1,SH14-8|1,F1419B|1,F1416B|1,F181B|1,SH14-2|1,J1395|1,J133|1,F366A|1,F160A|1,F1411E|1,F171A|1,F372A|1,J1409|1,J1410|1,F1399A|1,F174A|1,F1411B|1,J1404|1,F810B|1,F359B|1,J1234|1,F183A|1,F178B|1,F1419A|1,SH14-7|1,J1398|1,J1220|1,F347A|1,F817B|1,J1644|1,J116|1,F1599A|1,P96-146|1,F1597C|1,P96-160|1,J659|1,J1650|1,J102|1,F804A|1,J1197|1,J1678|1,J90|1,F787B|1,F1290A|1,J671|1,J665|1,F1296A|1,F796C|1,J1183|1,F528B|1,J518|1,J490|1,J1036|1,J328|1,F515A|1,F958A|1,F968A|1,F505A|1,J484|1,J1022|1,F1151A|1,P91-110|1,F1466A|1,J317|1,P90-71|1,J1009|1,F694A|1,F688A|1,J303|1,P90-77|1,P91-124|1,F1462C|1,J873|1,F1157A|1,F933A|1,J533|1,J995|1,J527|1,J981|1,F939A|1,F1161A|1,J867|1,P91-98|1,F1488B.1|1,F648A|1,J358|1,F654A|1,F466A|1,F78B|1,F1130C|1,J824|1,J364|1,F477B|1,F487A|1,P90-64|1,J370|1,J830|1,F1126B|1,F82A|1,F1570F|1,P91-164|1,P90-37|1,J143|1,F616A|1,F8A|1,F621A|1,J1049|1,P90-31|1,J157|1,F1573A|1,P91-150|1,F1121A|1,F1569A|1,P96-12|1,J787|1,F1101A|1,F1002A|1,J1061|1,J1075|1,F991B|1,F1098A|1,J793|1,J1444|1,F1384C|1,F230A|1,F1380E|1,J1450|1,F318B|1,J1478|1,F1729A|1,J626|1,F1372E|1,F1272A|1,F204B|1,F208B|1,F1268B|1,J632|1,F326A|1,F822A|1,F1732A|1,J1610|1,J619|1,SH14-34|1,F1698A|1,SH14-20|1,F1704A|1,F1746A|1,J1604|1,F334C|1,J1263|1,F846B|1,F1242A|1,J585|1,J591|1,F1238A|1,F833A|1,F1760A|1,J1598|1,J1277|1,F1239A|1,J590|1,J1276|1,J1599|1,F1759A|1,F834A|1,F846C|1,J1262|1,J584|1,F1242B|1,F1703A|1,SH14-21|1,F335A|1,J1605|1,F1745A|1,J1611|1,F1731A|1,F822B|1,F1697A|1,SH14-35|1,J618|1,J633|1,F1268A|1,F208A|1,F325D|1,J1479|1,F318A|1,F204A|1,F1271A|1,F1372D|1,J627|1,F1730A|1,F1380D|1,J1451|1,J1445|1,F229B|1,F1384B|1,F991C|1,J1074|1,J792|1,F1098B|1,F1102A|1,J786|1,P96-13|1,F1568A|1,J1060|1,F1003A|1,J156|1,P90-32|1,J1048|1,F622A|1,F9A|1,F1122A|1,P91-151|1,F1572B|1,P91-165|1,F1570E|1,F617A|1,J142|1,P90-38|1,J371|1,P90-63|1,F486A|1,F81A|1,F1126A|1,J831|1,J825|1,F1130B|1,F78A|1,F477A|1,J365|1,F465A|1,F653A|1,J359|1,F647A|1,F940A|1,J980|1,J526|1,F1487C|1,P91-99|1,J866|1,F1162A|1,F1158A|1,J872|1,J994|1,J532|1,F933B|1,P90-78|1,J302|1,F689A|1,F1462B|1,P91-125|1,F1465A|1,P91-111|1,F1152A|1,F695A|1,J1008|1,P90-72|1,J316|1,J1023|1,J485|1,F504B|1,F967A|1,F957A|1,F514A|1,J329|1,J1037|1,J491|1,J519|1,F528A|1,F1296B|1,J664|1,J1182|1,F796D|1,F787C|1,J89|1,J1679|1,J1196|1,J670|1,F1291A|1,J658|1,P96-161|1,F1597B|1,F804B|1,J101|1,J1651|1,J115|1,J1645|1,P96-147|1,F1598D|1,SH14-6|1,F1418A|1,F178A|1,F817A|1,F346B|1,J1221|1,J1399|1,J1235|1,F359A|1,F810A|1,F182B|1,F1411A|1,F173B|1,J1405|1,J1411|1,F1398A|1,J1407|1,F1411C|1,F1400A|1,J1413|1,F368A|1,J1223|1,F345A|1,F816A|1,F179A|1,F184A|1,F809A|1,F357A|1,J130|1,J1237|1,J1653|1,J103|1,F201A|1,F1596C|1,P96-159|1,F1598B|1,P96-145|1,F1286B|1,J1208|1,J1647|1,J117|1,F797A|1,J1180|1,J1438|1,F1614A|1,P96-133|1,J666|1,F1295A|1,F1289A|1,J672|1,J1194|1,F789A|1,P91-138|1,F969A|1,F505B|1,J487|1,J1021|1,J493|1,J1035|1,F516A|1,F959A|1,J858|1,P91-127|1,F1463A|1,F687A|1,F949A|1,J300|1,P90-76|1,J314|1,P90-70|1,F693A|1,P91-113|1,F1467A|1,F1163B|1,J864|1,J524|1,J982|1,F681A|1,F938A|1,F932A|1,J288|1,J530|1,P90-104|1,J996|1,J870|1,F1159A|1,F655A|1,F649A|1,F98C|1,J833|1,F1125A|1,F80B|1,F488A|1,J373|1,J367|1,F478A|1,F76A|1,F1129A|1,J827|1,F1594B|1,F1573B|1,P91-153|1,F498A|1,F7A|1,F620A|1,P90-30|1,J154|1,P90-36|1,J140|1,F980A|1,F615A|1,F1571A|1,P96-1|1,J818|1,F1099B|1,J790|1,J1076|1,P90-24|1,J168|1,F991A|1,F1001A|1,F24A|1,F643A|1,J1062|1,J784|1,F1103A|1,F305A|1,J1453|1,F1380F|1,F1384D|1,J1447|1,J1638|1,F325B|1,F209A|1,F1269A|1,J631|1,J625|1,F1273A|1,F205A|1,F316A|1,F1747A|1,J1607|1,J1248|1,F1265A|1,SH14-19|1,F1701A|1,SH14-33|1,F1695A|1,F1733A|1,J1613|1,F836A|1,J1274|1,J592|1,F1237B|1,F1241A|1,F1390A|1,J586|1,SH14-47|1,F1690A|1,J1260|1,F847A|1,F1691A|1,SH14-46|1,J587|1,F1389A|1,F1240A|1,F846D|1,J1261|1,J1275|1,F835A|1,F1237A|1,J593|1,F1696A|1,SH14-32|1,J1612|1,F1734A|1,J1249|1,J1606|1,F1748A|1,F1702A|1,SH14-18|1,F1264A|1,F206A|1,F1274A|1,J624|1,F317A|1,F325C|1,J1639|1,J630|1,F1270A|1,F210A|1,F1384E|1,J1446|1,J1452|1,F306A|1,F1381A|1,J1063|1,F642A|1,F23A|1,F1000A|1,F1102B|1,J785|1,J791|1,F1099A|1,F990A|1,J169|1,P90-23|1,J1077|1,F614A|1,F979A|1,J141|1,P90-35|1,J819|1,P91-166|1,F1571B|1,P91-152|1,F1574A|1,J155|1,P90-29|1,F619A|1,F6A|1,F497A|1,F478B|1,J366|1,F1594A|1,J826|1,F1130A|1,F77A|1,F80C|1,F1125B|1,J832|1,J372|1,F489A|1,F650A|1,F98D|1,F656A|1,J997|1,P90-103|1,J531|1,J289|1,F931A|1,F1158B|1,J871|1,J865|1,F1163A|1,F937C|1,F680A|1,J983|1,J525|1,F692A|1,P90-69|1,J315|1,F1468A|1,P91-112|1,F1463B|1,P91-126|1,J859|1,P90-75|1,J301|1,F948A|1,F686A|1,F960A|1,F517A|1,J1034|1,J492|1,P91-139|1,J1020|1,J486|1,F506A|1,F970A|1,J673|1,F1288B|1,F788A|1,J1195|1,J1439|1,J1181|1,F796E|1,F1294A|1,J667|1,P96-132|1,F1615A|1,F1286A|1,P96-144|1,F1598C|1,J118|1,J1646|1,J1209|1,J104|1,J1652|1,P96-158|1,F1597A|1,F200A|1,F185A|1,J1236|1,J129|1,F358A|1,F809B|1,F816B|1,F346A|1,J1222|1,F180A|1,F1400B|1,F369A|1,J1412|1,J1406|1,F1411D|1,F177A|1,J138|1,J1226|1,F349A|1,F814C|1,F811B|1,F354A|1,J1232|1,F187A|1,F1410A|1,F376B|1,J1402|1,J1416|1,F1404A|1,J663|1,F1297A|1,F796A|1,J1185|1,J1191|1,J1429|1,F792A|1,F1286C|1,F1606B|1,J677|1,P96-142|1,F1280A|1,F1595A|1,P96-154|1,J1656|1,J1219|1,J108|1,J1642|1,J114|1,F1599C|1,P96-148|1,F193B|1,F966C|1,F508A|2,J1024|1,J482|1,P91-149|1,J1030|1,J496|1,F513A|1,F963A|1,J299|1,J987|1,J521|1,P90-93|1,F935E|1,F1165A|1,J861|1,J875|1,F1155A|1,F670A|1,F933C|1,J993|1,J535|1,F682A|1,J305|1,P90-79|1,P91-122|1,F1462A|1,P91-116|1,J849|1,F1472A|1,J311|1,P90-65|1,F696A|1,F956A|1,F485A|1,J376|1,J836|1,F1584A|1,F1123A|1,F83A|1,F73A|1,F1132A|1,J822|1,J362|1,F481A|1,F659A|1,F94A|1,F646A|1,J1073|1,F16D|1,F992A|1,F635A|1,F1096C|1,J795|1,J781|1,F1104B|1,F996B|1,P90-13|1,J1067|1,J179|1,F9B|1,F988A|1,F623A|1,P90-25|1,J151|1,F1576A|1,J809|1,P91-156|1,F1570C|1,P91-162|1,P90-39|1,J145|1,F503B|1,F610A|1,F214A|1,F1267B|1,J634|1,F323A|1,F320A|1,J1629|1,J620|1,F1275B|1,F203A|1,F1383A|1,J1456|1,J1442|1,F315A|1,F1384A|1,SH14-56|1,J597|1,F1682A|1,F1234D|1,F1396B|1,F839A|1,J1271|1,J1265|1,F845A|1,F1243A|1,J583|1,SH14-22|1,F1706A|1,F1744A|1,J1602|1,F1738A|1,J1259|1,J1616|1,SH14-28|1,F1693A|1,F1256B|1,J1617|1,J1258|1,F1737A|1,F1256C|1,F1692A|1,F1705A|1,SH14-23|1,J1603|1,F1743A|1,F846A|1,J1264|1,J582|1,F1244A|1,F1397A|1,F1235A|1,F1681A|1,J596|1,SH14-57|1,J1270|1,F840A|1,F314B|1,J1443|1,F1383F|1,F1382B|1,J1457|1,J1628|1,F319A|1,F202C|1,F1275A.2|1,J621|1,J635|1,F1267A|1,F213A|1,F322B|1,P91-163|1,F1570B|1,F611A|1,F504A|1,J144|1,P90-40|1,J150|1,P90-26|1,F624A|1,F989A|1,F10A|1,P91-157|1,J808|1,F1575A|1,F1104C|1,J780|1,J178|1,J1066|1,P90-14|1,F997A|1,F635B|1,F993A|1,F17A|1,J1072|1,J794|1,F1097A|1,F645A|1,F658A|1,F93A|1,J823|1,F1131A|1,F72A|1,F480A|1,J363|1,J377|1,F484A|1,F82B|1,F1122B|1,F1585A|1,J837|1,F1471A|1,J848|1,P91-117|1,F956B|1,F697A|1,P90-66|1,J310|1,P90-80|1,J304|1,F683A|1,F1461A|1,P91-123|1,F1156A|1,J874|1,J534|1,J992|1,F934A|1,F671A|1,F936A|1,P90-94|1,J520|1,J986|1,J298|1,J860|1,F1166A|1,P91-148|1,F962B|1,F512A|1,J497|1,J1031|1,J483|1,J1025|1,F966B|1,J113|1,J1643|1,F194A|1,P96-149|1,F1599B|1,P96-155|1,F1594C|1,F1280B|1,J107|1,J1218|1,J1657|1,F793A|1,J1428|1,J1190|1,P96-143|1,J676|1,F1606A|1,F1286D|1,F1298A|1,J662|1,J1184|1,F796B|1,J1417|1,F1403A|1,F1409A|1,J1403|1,F376A|1,J1233|1,F353A|1,F811A|1,F186A|1,F176A|1,F814B|1,F348A|1,J1227|1,J139|1,SH14-16|1,F185B|1,F1424A|1,F812A|1,F355A|1,J1389|1,J1231|1,J1225|1,F350A|1,F815A|1,F174B|1,F166A|1,F1401A|1,J1415|1,J1401|1,F1407A|1,F1288A|1,J674|1,J1192|1,F791A|1,F795B|1,J1669|1,J1186|1,J99|1,J660|1,F1298C|1,F1600A|1,J648|1,P96-151|1,F808A|1,J1641|1,J111|1,J1655|1,J105|1,F1596A|1,P96-157|1,J1033|1,J495|1,F510B|1,F961A|1,F965A|1,F506B|1,J1027|1,J481|1,J339|1,J509|1,F535A|1,F935B|1,J990|1,J536|1,P91-109|1,J876|1,F1481B|1,F1154A|1,F1164B|1,J862|1,J984|1,J522|1,F937B|1,J312|1,P90-68|1,F699A|1,P91-115|1,F1469A|1,P91-121|1,F1459C|1,F1143A|1,F685A|1,J306|1,J1018|1,P90-82|1,P90-53|1,J361|1,F478C|1,F74A|1,F1133A|1,J821|1,J835|1,F1124A|1,F84A|1,F482C|1,J375|1,F644A|1,F475A|1,J349|1,F657A|1,F999A|1,J1064|1,J782|1,F1104A|1,F1096B|1,F1562A|1,J796|1,P96-23|1,J1070|1,F995A|1,P90-42|1,J1058|1,J146|1,F613A|1,F1114A|1,F1569B|1,P91-161|1,F1574B|1,P91-155|1,F11B|1,F626A|1,P90-28|1,J152|1,J623|1,F1274B|1,F202A|1,F321A|1,J1469|1,F324A|1,F1380B|1,F211A|1,F1266A|1,F1720A|1,J637|1,F1383D|1,J1441|1,J1455|1,F1381B|1,F222A|1,F1246A|1,J580|1,F1769A|1,J1266|1,J1589|1,F844A|1,F838A|1,J1272|1,J594|1,F1236B|1,SH14-31|1,F1693B|1,F344A|1,F1735A|1,J1615|1,F1741A|1,J1601|1,F832A|1,SH14-25|1,J608|1,F1707A|1,F831A|1,J1600|1,F1742A|1,F1708A|1,J609|1,SH14-24|1,F1694A|1,SH14-30|1,J1614|1,F1736A|1,F343A|1,J1273|1,F837A|1,F1236A|1,J595|1,J581|1,F1245A|1,F843A|1,J1588|1,J1267|1,F1770A|1,J1454|1,F223A|1,F1381C|1,F1383E|1,J1440|1,F325A|1,J1468|1,J636|1,F1719A|1,F1266B|1,F212A|1,F1380C|1,F202B|1,F1275A.1|1,J622|1,F321B|1,P91-154|1,F1574C|1,J153|1,P90-27|1,F625A|1,F11A|1,F612A|1,J147|1,J1059|1,P90-41|1,P91-160|1,F1570A|1,F1113B|1,P96-22|1,J797|1,F1562B|1,F1096A|1,F994A|1,J1071|1,J1065|1,F998A|1,F1103B|1,J783|1,F657B|1,J348|1,F476A|1,F644B|1,F85A|1,F1124B|1,J834|1,J374|1,F483A|1,F479A|1,J360|1,P90-54|1,J820|1,F1134A|1,F75A|1,F1142B|1,F1460A|1,P91-120|1,P90-81|1,J1019|1,J307|1,F684A|1,F698A|1,P90-67|1,J313|1,F1470A|1,P91-114|1,J863|1,F1164A|1,F937A|1,J523|1,J985|1,J537|1,J991|1,F935A|1,F1153A|1,F1482A|1,J877|1,P91-108|1,F536A|1,J508|1,J338|1,J480|1,J1026|1,F507A|1,F966A|1,F962A|1,F511A|1,J494|1,J1032|1,J106|1,J1654|1,P96-156|1,F1596B|1,P96-150|1,J649|1,F1600B|1,J112|1,J1640|1,F807C|1,J100|1,J1187|1,J1668|1,F795A|1,F1298B|1,J661|1,J675|1,F1287A|1,F790A|1,J1193|1,J1400|1,F1408A|1,F1402A|1,F166B|1,J1414|1,F815B|1,F351A|1,J1224|1,F175A|1,F1424B|1,F185C|1,SH14-17|1,J1230|1,J1388|1,F356A|1,F813A|1,F1435A|1,F382A|1,J1353|1,J1347|1,F1448A|1,F1337A|1,F140B|1,J731|1,J1738|1,F405A|1,F393A|1,J725|1,F136B|1,F1341C|1,F1330A|1,F1636A|1,P96-85|1,J1148|1,J1707|1,J57|1,J1713|1,J43|1,F1630B|1,P96-99|1,J692|1,F1304B|1,F772B|1,J1174|1,J1160|1,F785A|1,F1454C|1,F1309A|1,F1627B|1,P96-113|1,J686|1,F745A|1,F742A|1,F566B|1,J473|1,J933|1,F1196A|1,F1201A|1,F1526A|1,J927|1,J467|1,F556A|1,F713A|1,F573B|1,J254|1,P91-15|1,P91-53|1,F1508A|1,J918|1,P91-67|1,F1505A|1,J240|1,P91-21|1,F707A|1,F902A|1,J268|1,P91-9|1,J976|1,F914A|1,F1172A|1,J890|1,J884|1,F1175C|1,F737A|1,F926A|1,J962|1,F112A|1,F425A|1,F1057A|1,J1121|1,J387|1,P96-72|1,F115A|1,F119A|1,J1135|1,J393|1,F1043A|1,F437B|1,F1031A|1,F44A|1,F600A|1,J1751|1,J200|1,F1532A|1,P96-61|1,J758|1,F1537B|1,P96-47|1,J1745|1,J214|1,F49A.2|1,F604A|1,J1082|1,J424|1,F1019A|1,F40A|1,F594C|1,F1090A|1,J764|1,J770|1,F1085A|1,F1007A|1,J1096|1,J430|1,P90-4|1,J188|1,F1354B|1,J1507|1,J1513|1,F291A|1,F1349B|1,F249A|1,J1323|1,F894B|1,F276A|1,F284A|1,F882A|1,J1337|1,J30|1,F254A|1,F275A|1,SH14-93|1,F1651A|1,J3|1,J1553|1,J17|1,J1547|1,J1308|1,SH14-79|1,F1657A|1,F1222A|1,J566|1,SH14-67|1,F1673A|1,F1229B|1,F862B|1,J1538|1,J1280|1,J1294|1,F852B|1,F1227A|1,J572|1,F852A|1,J1295|1,J573|1,F1226A|1,F1229A|1,F1673B|1,SH14-66|1,J567|1,J1281|1,J1539|1,F862A|1,J1309|1,J1546|1,J18|1,F1221A|1,F1658A|1,SH14-78|1,F1652A|1,SH14-92|1,F274A|1,J1552|1,J4|1,J29|1,J1336|1,F883A|1,F284B|1,F255A|1,F250A|1,F277A|1,F895A|1,J1322|1,F291B|1,J1512|1,F1350A|1,F1355A|1,J1506|1,F1084A|1,J771|1,J189|1,P90-3|1,J431|1,J1097|1,F1006A|1,F594B|1,F39A|1,F1018A|1,J425|1,J1083|1,J765|1,F1089A|1,P96-46|1,F1538A|1,F603A|1,F48A|1,J215|1,J1744|1,J201|1,J1750|1,F599A|1,F43B|1,F1030A|1,J759|1,P96-60|1,F1533A|1,F120A|1,F438A|1,F1044A|1,J392|1,J1134|1,J386|1,J1120|1,F1058A|1,F426A|1,F115B|1,P96-73|1,F112B|1,F1175B|1,J885|1,J963|1,F925A|1,F736A|1,F913A|1,J977|1,P91-8|1,J269|1,J891|1,F1171B|1,F1505B|1,P91-66|1,J919|1,F901A|1,F706A|1,P91-20|1,J241|1,P91-14|1,J255|1,F573A|1,F712A|1,F1509A|1,P91-52|1,J926|1,F1525C|1,F1202A|1,F557A|1,J466|1,J472|1,F567A|1,F1196B|1,J932|1,F743A|1,F746A|1,F784A|1,J1161|1,J687|1,P96-112|1,F1628A|1,F1308A|1,F1454B|1,F1304A|1,J693|1,J1175|1,F772A|1,J44|1,J1711|2,P96-98|1,F1631A|1,P96-84|1,F1636B|1,F1329B|1,J58|1,J1706|1,J1149|1,F394A|1,F1342A|1,F137A|1,J724|1,J730|1,F141A|1,F1338A|1,F406A|1,J1739|1,J1346|1,F1449A|1,F1436A|1,J1352|1,F383A|1,F159A|1,F1447A|1,J1344|1,J1350|1,SH14-137|1,F1434B|1,J726|1,F1647C|1,F136A|1,F1341B|1,F1429A|1,F396A|1,J1378|1,F407B|1,F1336A|1,F140A|1,J732|1,F1633A|1,P96-100|1,J719|1,F759A|1,J1710|1,J42|1,J1704|1,J56|1,F416A|1,F1637A.2|1,P96-86|1,F1310A|1,J685|1,J1163|1,F782A|1,F771A|1,J1177|1,J1698|1,J70|1,J691|1,F1305A|1,F741A|1,J458|1,F544A|1,F744D|1,J464|1,F555A|1,F1204A|1,J924|1,J930|1,F1198A|1,F566A|1,P91-49|1,J470|1,J243|1,P91-22|1,F708A|1,P91-64|1,F1504B|1,P91-50|1,F1507A|1,F1194B|1,F714A|1,J257|1,P91-16|1,J949|1,F927A|1,J961|1,J887|1,P91-78|1,F1500A|1,F1174A|1,F1170A|1,J893|1,J975|1,F915A|1,F447A|1,J418|1,J228|1,J1136|1,J390|1,F1042A|1,F437A|1,F121A|1,F117A|1,F424A|1,F1056A|1,F71A|1,J1122|1,J384|1,J1109|1,J1746|1,J217|1,F50A|1,F605A|1,F1078B|1,F1537A|1,P96-44|1,F1531A|1,P96-58|1,F131B|1,F44B|1,F600B|1,J1752|1,J203|1,F1008A|1,J1095|1,J433|1,J773|1,F1082A|1,F1087A|1,F1553A|1,P96-32|1,F5A|1,J767|1,J1081|1,J427|1,F1020A|1,F1349A|1,J1510|1,J1504|1,F1354A|1,F243B|1,F253B|1,F285B|1,F885A|1,J1334|1,J1320|1,J1498|1,F895C|1,F277C|1,F1361A|1,F248A|1,SH14-107|1,SH14-80|1,F1660A|1,J16|1,J1544|1,J2|1,J1550|1,F872A|1,J559|1,SH14-94|1,F1654A|1,F1227B|1,J571|1,F1780A|1,J1578|1,J1297|1,F850A|1,F861A|1,J1283|1,J565|1,F1229C|1,J1282|1,F861B|1,F1230A|1,J564|1,J570|1,F1227C|1,F851A|1,J1296|1,J1579|1,F1779A|1,F873A|1,J1551|1,J1|1,F1653A|1,SH14-95|1,J558|1,F1659A|1,SH14-81|1,J1545|1,J15|1,F277B|1,F895B|1,J1499|1,J1321|1,SH14-106|1,F247A|1,F1360A|1,F253A|1,J1335|1,F884A|1,F285A|1,J1505|1,F243A|1,F1353B|1,F1348A|1,J1511|1,J766|1,F5B|1,P96-33|1,F1552A|1,F1088A|1,F1021A|1,J426|1,J1080|1,J432|1,J1094|1,F1009A|1,F1083A|1,J772|1,F132A|1,P96-59|1,F1530A|1,J202|1,J1753|1,F600C|1,F45A|1,F606A|1,F51A|1,J216|1,J1747|1,J1108|1,P96-45|1,F1536A|1,F1079A|1,F116A|1,J385|1,J1123|1,F70A|1,F1055A|1,F423A|1,F436A|1,F1041A|1,J391|1,J1137|1,J229|1,F120B|1,J419|1,F446A|1,J892|1,F1171A|1,F916A|1,J974|1,J960|1,F928A|1,F1175A|1,F1499A|1,P91-79|1,J886|1,F1194C|1,F1506C|1,P91-51|1,J948|1,P91-17|1,J256|1,F715A|1,F709A|1,P91-23|1,J242|1,F1504A|1,P91-65|1,F1197A|1,J931|1,J471|1,P91-48|1,F565B|1,F554A|1,J465|1,J925|1,F1203A|1,F744C|1,F543A|1,J459|1,F740A|1,J69|1,J1699|1,J1176|1,F771B|1,F1305B|1,J690|1,J684|1,F1311A|1,F783A|1,J1162|1,F417A|1,J55|1,J1705|1,P96-87|1,F1637A.1|1,J718|1,P96-101|1,F1632A|1,J41|1,F760A|1,F407A|1,SH14-142|1,J733|1,F139A|1,F1335A|1,F1428C|1,F1341A|1,F135B|1,F1648A|1,J727|1,J1379|1,F395A|1,J1351|1,F1434A|1,SH14-136|1,F1446A|1,F158A|1,J1345|1,F399A|1,J723|1,F132B|1,F1342B|1,F1331A|1,F141B|1,F1434A.1|1,J737|1,F1642B|1,SH14-138|1,J1369|1,F403B|1,J1341|1,F1442A|1,SH14-126|1,F151A|1,F1437A|1,J1355|1,J1689|1,J1166|1,J79|1,F779A|1,F1314A|1,J680|1,J694|1,F1303A|1,F773B|1,J1172|1,F422B|1,J1715|1,J45|1,F1629B|1,P96-97|1,F1638A|1,J708|1,P96-91|1,J1701|1,J51|1,F770A|1,F1207A|1,J921|1,P91-38|1,J461|1,F557B|1,F562A|1,J475|1,J935|1,F1194F|1,F552A|1,F738A|1,J449|1,F747A|1,J882|1,F1177A|1,F924A|1,J964|1,J970|1,F919B|1,F1168A|1,P91-89|1,J896|1,F1489G|1,F1186A|1,P91-61|1,F1501A|1,J246|1,J958|1,P91-27|1,F705A|1,F719A|1,J252|1,P91-13|1,P91-55|1,F1509B|1,F122B|1,J395|1,J1133|1,F62A|1,F1045A|1,F432A|1,F427A|1,F1051A|1,J239|1,J381|1,J1127|1,F113A|1,J409|1,F456A|1,F1545A|1,J776|1,P96-43|1,F1081A|1,F1013A|1,J436|1,J1090|1,J422|1,J1084|1,F1017A|1,F1091A|1,J762|1,F125B|1,F1538B|1,P96-49|1,J1743|1,J212|1,F54A|2,F608A|1,F43A|1,F598A|1,J1757|1,J1118|1,J206|1,F1527A|1,P96-55|1,F1070A|1,F283B|1,F888A|1,J1331|1,J1489|1,SH14-116|1,F1368A|1,F255B|1,F244A|1,J1325|1,F893A|1,F279A|1,J1515|1,F1350B|1,F236B|1,F1351B|1,J1501|1,J1292|1,F853A|1,F1225A|1,J574|1,J560|1,F1234A|1,F858A|1,F1788A|1,J1286|1,J1569|1,F881A|1,J11|1,J1541|1,SH14-85|1,J548|1,F1663A|1,SH14-91|1,F1650B|1,J5|1,J1555|1,F1650C|1,SH14-90|1,J1554|1,J6|1,J1540|1,J12|1,F880A|1,F1663B|1,J549|1,SH14-84|1,F1233A|1,J561|1,J1568|1,J1287|1,F1789A|1,F857A|1,F852C|1,J1293|1,J575|1,F1224A|1,F1352A|1,J1500|1,J1514|1,F236C|1,F1350C|1,F244B|1,F280A|1,F894A|1,J1324|1,J1488|1,J1330|1,F888B|1,F283C|1,F256A|1,F1368B|1,SH14-117|1,J207|1,J1119|1,J1756|1,F597A|1,F42B|1,F1069A|1,P96-54|1,F1527B|1,P96-48|1,F1538C.1|1,F125A|1,F607A|1,J213|1,J1742|1,F1016B|1,J1085|1,J423|1,J763|1,F1090B|1,F1080A|1,P96-42|1,J777|1,F1545B|1,J1091|1,J437|1,F1012A|1,F457A|1,J408|1,J1126|1,J380|1,J238|1,F1052A|1,F428A|1,F114A|1,F122C|1,F433A|1,F1046A|1,F63A|1,J1132|1,J394|1,P91-12|1,J253|1,F718A|1,F1510A|1,P91-54|1,F1502A|1,P91-60|1,F1185A|1,F704A|1,P91-26|1,J959|1,J247|1,F919A|1,J971|1,F1490A|1,J897|1,P91-88|1,F1167A|1,F1176A|1,J883|1,J965|1,F923B|1,F748A|1,J448|1,F738B|1,F553A|1,J474|1,F563A|1,F1195A|1,J934|1,J920|1,F1208A|1,F558A|1,J460|1,P91-39|1,P96-90|1,J709|1,F1638B|1,F769A|1,J52|1,J1700|1,J46|1,J1714|1,F422A|1,P96-96|1,F1630A|1,F1302A|1,J695|1,J1173|1,F773A|1,F778A|1,J80|1,J1167|1,J1688|1,J681|1,F1313A|1,F1438A|1,F151B|1,J1354|1,J1340|1,SH14-127|1,F1443A|1,SH14-139|1,F1642A|1,J736|1,F1434A.2|1,F142A|1,F1332A|1,F404A|1,J1368|1,F400A|1,F1343A|1,F133A|1,J722|1,F403A|1,F1334A|1,F143B|1,J734|1,SH14-141|1,J720|1,F135A|1,F1345A|1,F398A|1,J1729|1,J1356|1,F1440A|1,F1445A|1,J1342|1,F392A|1,F774A|1,J1171|1,F1621A|1,J697|1,P96-122|1,F1459A|1,F1300B|1,F1311B|1,J683|1,J1165|1,F780A|1,J1702|1,J54|1,F1637B.2|1,P96-88|1,F1629A|1,P96-94|1,F1321A|1,J1716|1,J1159|1,J48|1,F1520C|1,J936|1,F1194E|1,F565A|1,J476|1,J462|1,F559B|1,F1206A|1,J922|1,F749A|1,F739A|1,F1169A|1,J895|1,J973|1,F728A|1,F917A|1,F922A|1,J279|1,J967|1,P90-113|1,J881|1,F1178A|1,P91-56|1,J909|1,F1512A|1,F716A|1,F911A|1,J251|1,P91-10|1,J245|1,P91-24|1,F702A|1,F579B|1,P91-62|1,F1503B|1,F112D|1,F430A|1,F1054A|1,J382|1,J1124|1,J396|1,J1130|1,F1048A|1,F435A|1,F122A|1,P96-83|1,F105B|1,F1092A|1,J761|1,J421|1,J1768|1,J1087|1,J199|1,F1015A|1,F32A|1,F1010A|1,F588A|1,J435|1,J1093|1,J775|1,F1081B|1,F1529A|1,P96-56|1,F41A|1,F595A|1,J1754|1,J205|1,J1740|1,J211|1,F52A|1,F1039B|1,F606B|1,F1539A|1,J749|1,P96-50|1,J1326|1,J39|1,F892A|1,F278A.2|1,F246A|1,F258A|1,F283A|1,F887A|1,J1332|1,F297A|1,J1502|1,F1353A|1,F1350E|1,J1516|1,F859A|1,J1285|1,J563|1,F1231A|1,F1223A|1,SH14-76|1,J577|1,F1670A|1,J1529|1,J1291|1,F854A|1,J8|1,J1319|1,J1556|1,F1216A|2,SH14-88|1,F1650A|1,SH14-82|1,F1662A|1,F265B|1,J14|1,J1542|1,F266A|1,F1661A|1,SH14-83|1,J1543|1,J13|1,J1557|1,J1318|1,J7|1,F1649A|1,SH14-89|1,F1669A|1,J576|1,SH14-77|1,F1223B|1,F855A|1,J1290|1,J1528|1,J1284|1,F860A|1,F1232A|1,J562|1,F1350D|1,J1517|1,J1503|1,F296A|1,F1352B|1,F257A|1,J1333|1,F886A|1,F282B|1,F278A.1|1,F891A|1,J40|1,J1327|1,F245A|1,F606C|1,F1040A|1,F53A|1,J210|1,J1741|1,P96-51|1,J748|1,F1538C.2|1,P96-57|1,F1528A|1,J204|1,J1755|1,F596A|1,F42A|1,J1092|1,J434|1,F589A|1,F1011A|1,F32B|1,F1081C|1,J774|1,J760|1,F1093A|1,F1016A|1,J198|1,J1086|1,J1769|1,J420|1,F105A|1,F434A|1,F1047A|1,J1131|1,J397|1,P96-82|1,F121B|1,F112C|1,J1125|1,J383|1,F1053A|1,F429A|1,F579C|1,F703A|1,P91-25|1,J244|1,F1503A|1,P91-63|1,F1511A|1,J908|1,P91-57|1,P91-11|1,J250|1,F912A|1,F717A|1,P90-114|1,J966|1,J278|1,F923A|1,F1179A|1,J880|1,J894|1,F1169B|1,F918A|1,F729A|1,J972|1,F738C|1,F748B|1,F559A|1,J463|1,J923|1,F1205A|1,F1194D|1,J937|1,F1521A|1,J477|1,F564A|1,F1322A|1,P96-95|1,F1628B|1,J47|1,J1158|1,J1717|1,J53|1,J1703|1,P96-89|1,F1637B.1|1,J682|1,F1312A|1,F781A|1,J1164|1,J1170|1,F775A|1,F1301A|1,F1459B|1,P96-123|1,J696|1,F1620A|1,F1444A|1,F391B|1,J1343|1,J1357|1,F1439A|1,F1344A|1,F134A|1,J721|1,J1728|1,F397A|1,F402A|1,SH14-140|1,J735|1,F143A|1,F1333A|1
publicationStmt
TEI
"",xmlns,4824,http://www.tei-c.org/ns/1.0|4824
lg
"",type,12031,stanza|12031
u
app
"",type,12809,division|10900,emendation|519,revision|1390
l
date
fileDesc
teiHeader
titleStmt
