token,count
-",2
1,2
15,1
a,736
a'caper,1
a'nt,1
abased,1
abhor,1
abide,3
abides,1
ability,1
abject,1
able,2
abodes,1
abolish,1
about,4
above,7
abroad,4
abrupt,1
absconded,1
absence,4
absolute,1
absorbed,1
abstinence,1
abundant,1
abyss,1
abyss's,1
acceded,1
accents,2
accept,3
accessible,1
accident,3
accidental,1
acclimated,1
according,1
accost,4
accosts,1
account,1
accredited,1
accustomed,2
ache,2
achieved,2
achievement,1
aching,1
acorn,1
acquaintance,2
acquaintances,2
acquainted,1
acquired,1
acre,2
acres,2
acrid,1
across,5
act,4
action,1
adam,3
adamant,1
adamantine,1
add,1
adder,1
addicted,1
address,1
adds,1
adequate,4
adieu,1
adjective,1
adjoining,1
adjourns,1
adjust,1
adjusted,1
adjusts,2
admiralty,1
admired,1
admiring,1
admitting,1
admonish,1
admonished,1
adoration,1
adore,1
adored,3
adorned,1
adown,1
adroitly,1
adult,1
advance,2
advanced,1
advancing,1
advantage,1
adventures,1
adversity,2
advise,1
advocate,1
afar,1
affair,3
affairs,1
affectingly,1
affection,1
affiance,1
afflicted,2
affliction,1
afflictive,1
affluent,1
afford,1
affords,1
affront,2
affronts,1
afraid,4
afresh,1
after,8
afternoon,6
afterward,3
again,14
against,6
age,2
aged,2
ages,5
aggravate,1
ago,4
agonizing,1
ah,8
aid,1
aim,1
aimed,1
air,26
aisle,1
aisles,1
ajar,2
alabaster,1
alarm,5
alas,1
albums,1
algebra,1
alighting,1
alike,2
alive,5
all,93
allow,2
allured,1
almost,10
alms,2
alone,12
along,7
aloud,1
alphabet,1
alps,4
also,1
alter,2
altered,2
alternating,1
altho,1
although,4
alway,2
always,5
am,22
amazing,1
amber,14
ambuscade,1
amend,1
america,1
amethyst,2
amherst,1
amities,1
among,7
amount,1
ample,6
ampler,1
amply,1
amputate,1
an,102
analyze,1
anatomy,1
ancestor,1
anchors,1
ancient,1
and,621
andes,1
andre's,1
anecdotes,1
anemone's,1
anew,1
angel,3
angels,3
angle,2
angled,1
anguish,12
annealed,1
annihilating,1
annihilation,1
announced,1
annulled,1
anodyne,2
another,11
answer,2
answered,2
answering,1
antelope,1
anthracite,1
antiquated,3
antique,1
antiquity,1
antlers,1
anvil,1
anvil's,1
any,33
anything,1
anywhere,1
apart,1
apartment,1
ape,1
apologize,1
apostle,1
appalling,1
appalls,1
apparatus,1
apparent,1
apparently,1
apparition,1
apparreled,1
appear,4
appears,2
appease,1
appeased,1
appenine,1
applaud,1
applause,1
apple,2
apples,1
application,1
appointed,1
appreciation,1
apprehension's,1
apprenticed,1
approach,2
approached,1
approaching,1
approving,1
april,2
apron,4
aquatic,1
ararat's,1
ararats,1
arbitrate,1
arc,2
arch,1
archer's,1
architect,1
ardent,1
are,85
area,1
argue,1
argues,1
arise,3
aristocrat,1
arks,1
arm,5
arms,3
aromatic,1
around,8
arragon,1
arrange,2
array,3
arrest,2
arrive,1
arrogance,1
arrow,4
arrows,2
art,10
arterial,1
artery,1
artists,1
as,235
ascend,2
ascertain,1
ascetic,1
ashamed,3
ashes,2
ashore,1
aside,1
ask,5
asketh,1
askew,1
aslant,1
asphodel,1
aspiring,1
assassin,1
assault,3
assaulting,1
assemblies,1
assembly,1
assignable,1
assist,1
assistance,1
assisted,2
assisting,1
assists,1
assumption,1
assured,1
assuredly,1
aster,1
astonished,2
astray,1
at,120
atom,1
atom's,1
atone,1
atropos,1
attacks,1
attain,1
attempt,2
attention,1
attention's,1
attitude,2
auctioneer,1
audacity,1
audience,1
audiences,1
aught,1
august,1
augustan,1
aurora,1
auroran,1
austere,2
autumn,4
autumn's,1
auxiliaries,1
auxiliary,1
availed,1
avarice,1
avocation,1
await,1
awaiting,1
awake,4
awarded,1
away,59
awe,6
awes,1
awful,5
awkward,2
axiom,1
axis,2
ayre,1
azure,4
babble,1
babbles,1
back,10
badinage,1
baffle,1
baffled,3
baffles,1
bahamas,1
bailiff,1
bait,1
baize,1
balance,1
balancing,1
bald,1
balking,1
ball,2
ballad's,1
ballet,1
balloon,1
balloons,1
ballots,1
balls,2
balm,5
balms,1
balsam,1
ban,1
bandaged,2
banish,2
banishment,1
bank,2
bankruptcy,1
banner,1
banners,2
banquet,1
baptized,1
baptizes,1
bare,2
barefoot,2
bark,2
barn,1
barns,1
barred,1
bars,3
base,1
bashful,2
battered,1
battle,2
bauble,1
bay,3
bayonet's,1
bays,1
be,177
bead,1
beam,3
bear,11
beard's,1
bearded,1
bearer,1
beast,1
beat,1
beatified,1
beautiful,4
beauty,6
beauty's,1
became,2
because,21
beckoned,1
beckons,1
become,5
becomes,3
becoming,2
bed,1
bedecked,1
bee,26
been,17
bees,7
beetle,1
beetle's,1
befallen,1
befell,1
before,40
beg,1
beggar,5
beggared,1
beggars,1
begged,2
begging,1
begin,5
beginning,3
beginnings,1
begins,1
beguiled,1
begun,6
beheads,1
beheld,2
behind,13
behold,7
behooveth,1
being,10
being's,1
belief,5
beliefs,1
believe,6
believed,3
bell,4
belles,1
bells,7
belong,3
belonged,2
beloved,3
below,8
belt,2
belted,1
bemoaning,1
bend,3
bending,1
beneath,3
benediction,1
benefit,2
benign,1
bent,1
bequeath,1
bereavement,1
bereaves,1
bereft,1
berries,4
berry,5
beryl,2
beside,4
besides,3
best,13
bestirs,2
bestow,3
bestowed,2
bestowing,1
bethleem,1
bethlehem,1
bethlehem's,1
betoken,1
betray,3
betrayed,1
better,19
between,21
beware,1
bewildered,1
beyond,8
bible,1
bid,2
bids,1
bier,1
big,2
bill,1
billows,1
bin,1
binds,1
biography,1
bird,21
birds,19
birthday,1
bisect,1
bisected,1
bit,1
bitter,1
bitterest,1
bitterness,1
black,3
blackbirds,1
blacksmith,1
blame,7
blameless,1
blanch,1
blanket,1
blaze,4
blazing,1
bleak,1
bleaker,1
bleeding,1
blemishless,1
bless,1
blesses,1
blessing,1
blest,1
blind,1
blinded,1
blindness,2
bliss,12
blissful,1
blisters,1
blonde,2
blood,7
bloom,6
blooming,1
blooms,1
blossom,4
blossoms,2
blow,1
blows,1
blue,11
blush,2
boast,4
boat,1
bobadilo,1
bobolink,4
boddice,1
body,2
bog,2
bogs,1
bold,10
bolder,1
boldest,2
boldly,2
bolt,2
bolts,1
bond,1
bonds,1
bone,5
bonnet,3
bonnets,1
bonnie,1
book,3
boon,1
boone,1
boot,1
boots,1
booty,3
boquet,1
border,2
bore,7
born,3
borne,5
boroughs,1
borrow,3
bosom,6
bosoms,2
both,10
bough,3
bought,2
bound,1
boundary,1
bountiful,1
bounty,1
bourbon,1
bout,1
bow,6
bower,2
bowing,1
bowls,1
box,1
boxes,1
boy,5
boys,8
braid,1
brain,6
brake,1
branches,2
brand,1
brave,9
bravo,1
breach,1
bread,2
breadth,1
break,1
breakers,1
breakfast,1
breaking,4
breast,4
breath,11
breathe,1
breathless,2
breaths,1
breeze,4
breezes,1
bretheren,1
brew,1
briar,2
brick,1
bride,3
bridegroom,1
bridge,1
brief,3
briefly,1
brig,1
brigadier,2
bright,9
brimming,2
bring,7
bringing,1
brings,1
briskly,1
british,2
brittle,2
broad,4
brocade,2
broke,4
broken,1
broker,1
bronte,1
brood,2
broods,1
brook,2
brooks,2
brother,1
brought,3
brow,1
brown,2
bruises,1
brush,1
bryant's,1
bubble,1
bubbled,1
bubbles,1
buccaneers,1
buckle,1
buckled,1
buckles,1
bud,2
buenos,1
bugle,1
bugles,1
build,3
building,1
built,1
bulb,3
bumble,3
bumblebee,2
bunker,1
buoyant,1
bur,1
burden,2
burdock,1
burdock's,2
burglar,1
burgoyne,1
burial,1
buried,2
burn,5
burned,1
burnished,1
burrowed,1
burs,1
burst,2
bury,1
bush,2
business,3
bust,1
bustle,2
bustling,1
busy,5
but,193
buttercup,1
buttercup's,2
buttercups,2
butterflies,5
butterfly,5
butterfly's,1
buttonhole,1
buy,1
buzz,5
by,114
bye,4
cadence,2
caesar,1
cage,1
cajoles,1
calculations,1
call,8
called,6
calleth,1
calls,1
calm,2
calvary,2
came,12
can,50
candid,1
candidate,1
candle,2
cannon,1
cannot,31
cant,4
canvas,1
cap,1
capabilities,1
capacity,1
caper,1
capsule,1
captain,1
captive,2
captivity,1
caput,1
caravan,1
cardinal,1
care,17
cared,2
career,4
careful,1
carefully,1
cargo,2
caring,1
carlo,1
carpenter,1
carriage,2
carried,4
cars,1
cart,2
carts,3
case,1
casement,1
cases,1
cashmere,1
cask,1
caskets,1
caspian,2
casque,1
cast,2
castle,2
casual,1
casually,1
cat,1
caterpillar,1
cato's,1
cattle,1
caught,1
cause,3
causes,1
caution,1
cautious,3
cautiously,1
cavalry,1
caverns,1
cease,3
ceased,5
cedar,1
ceiling,1
celestial,2
cellar,1
cellars,1
cells,1
central,1
centuries,2
certain,2
certainly,2
certainties,1
certainty,1
certificate,1
chafes,1
chaff,2
chafing,1
chagrin,1
chair,2
challenged,1
chamber,2
chambers,1
chamois,1
chance,4
chanced,1
chancel,1
change,4
chant,1
chanting,1
chants,1
chaoses,1
chapeau,1
charge,2
chargers,1
chariots,2
charity,1
charm,2
chart,1
charter,2
chasm,1
chastened,2
chastenest,1
chastise,1
chastising,1
cheat,1
check,1
cheek,5
cheeks,1
cheer,2
cheered,1
cheers,1
chemist,1
cherished,2
cherishing,1
cherubic,1
cherubim,1
chid,2
chief,2
chiefest,1
chiefly,1
child,4
childhood's,3
childish,5
children,8
chill,2
chilled,1
chilly,1
chimborazo,1
chimney,4
chin,1
chivalries,1
chivalry,2
choice,1
choose,6
chooses,1
chorister,1
chose,2
chosen,1
christ,5
christ's,1
christmas,1
chrysolite,1
chrysoprase,1
church,6
cigar,1
cinderella's,1
ciphers,1
circle,1
circumference,4
circumstance,3
circumstances,1
circumvent,1
citadel,1
cite,1
cities,1
citizen,1
clad,1
claim,1
claims,2
clamor,3
clamoring,1
clap,1
clarifying,1
clasp,2
clasps,1
claw,3
clawed,1
clay,2
clearing,1
clergyman,1
clergymen,1
clerks,1
climate,2
climb,6
climbed,1
climbing,1
clime,1
climes,1
clock,2
clocks,1
close,10
closed,2
closely,1
closer,1
closes,1
closet,1
closing,2
clothes,2
cloud,5
clove,1
clover,1
clover's,2
clown,1
cluster,2
clutch,3
clutched,1
coaches,1
coals,1
coast,1
coat,2
coax,2
cobweb,1
cochineal,3
cocks,1
cocoa,1
cocoon,1
coffers,1
cogs,1
coins,1
cold,9
color,6
colors,2
columba,1
columbine,1
columbus,2
combined,1
combinedly,1
come,27
comely,1
comes,11
comet's,1
comfort,2
comforted,1
comforting,1
comforts,2
coming,7
command,2
commemorate,1
commences,1
commend,1
commensurate,1
commerce,1
common,9
commoner,1
commonest,1
commuted,1
companion,1
company,3
comparative,1
comparatively,1
compare,1
comparison,1
compass,1
compelling,2
competent,1
complained,1
complexion,1
complicate,1
compose,1
composer,1
compound,1
comprehend,1
comprehension,2
con,1
conceal,1
conceit,1
conceive,2
concentrate,1
concern,3
concernless,1
concisest,1
conclude,1
concluded,2
conclusion,2
concomitant,1
condemned,1
condescend,2
condescending,1
condition,2
conditions,1
conduct,1
confer,2
confided,1
confident,2
confirm,2
confirmed,2
confronting,3
confronts,1
congenial,1
conjecture,2
conjectured,1
conjecturing,1
conqueror,1
conscience,1
consciousness,6
consequence,1
consider,1
considers,1
consolation,1
consoled,1
consort,1
conspicuous,1
constancy,3
constant,3
consulate,1
consumed,1
consumes,1
consummate,3
consummated,1
contained,2
contemplate,1
content,6
contented,5
contentment,1
contested,1
continent,1
continents,1
contingent,1
continual,2
continually,1
continue,1
contrast,2
contrition,1
contrives,1
control,1
controvertible,1
convenient,1
conviction,1
convictions,1
cool,6
cooled,2
cooler,1
coolly,1
coquettish,1
cordial,1
cordillera,2
corinthians,1
corn,1
corner,1
corners,2
corolla,1
coronal,1
corporation,1
corporeal,3
correcting,1
correctly,1
corridors,1
corruption,1
cost,2
costlier,2
costly,1
costumes,1
coterie,1
cottage,1
cottages,3
could,94
could'nt,1
could'st,1
counsel,1
count,3
counted,1
countenance,5
counterfeit,1
countess,1
counties,1
counting,1
countless,1
countries,1
country,6
courage,1
course,1
court,4
courtesies,1
courtesy,4
courtiers,2
courting,1
cover,1
covered,1
covert,4
covet,1
coveting,1
cow,1
coward,3
cows,1
crack,1
crackling,1
craft,1
crag,1
crash,1
crease,2
creased,1
created,1
creation,1
creator,1
creature,7
creatures,4
credit,1
credits,1
creep,1
crescent,4
crests,1
crew,2
cribs,1
cricket,2
cried,1
crier,1
crimson,1
crisis,2
criterion,1
crocus,1
cross,9
crouch,2
crow,1
crowd,4
crown,3
crowned,1
crucifix,1
crumb,4
crumble,1
cruz,1
cry,4
crypts,1
cube,1
cubit,1
cubit's,1
cuffs,1
culminate,1
culpabler,1
culprit,1
cunning,4
cunningly,1
cup,2
cupidity,1
curiosity,1
curious,5
curling,1
currer,1
curricle,1
curtain,2
curtains,1
curve,2
cushions,1
customs,1
cycle,1
cypher,1
daffodil,1
daffodils,1
daily,3
daintier,1
dainty,1
daisies,3
daisy,5
dam,1
damask,2
damsel,3
dance,2
dancing,1
dandelion's,1
danger,4
dangled,1
daniel,1
dare,10
dared,3
dark,9
darkness,3
darling,1
darlings,1
dart,1
date,3
dated,1
dates,2
daughter,1
david,2
dawn,5
dawns,2
day,57
day's,3
daybreak,1
daylight,1
days,8
dazzled,3
dead,18
deadly,2
deaf,1
deal,2
dealt,2
dear,10
death,36
death's,3
deathless,1
deathlessness,1
debase,1
debate,1
decades,1
decalogues,1
decay,2
decide,1
deciduous,1
decimals,1
decision,1
deck,3
decks,1
declare,1
decorate,1
decoyed,1
decoys,1
decreases,1
decree,2
decrepit,1
deed,1
deem,4
deemed,2
deeming,2
deep,8
deepens,1
deepest,1
defaulter,1
defaulting,1
defer,1
deference,1
definitely,1
defrays,1
degree,4
degreeless,1
deity,4
delay,1
delayed,2
deliberately,1
delight,10
delighted,1
delinquent,1
delirious,2
delivered,1
deluge,1
delusive,2
demand,2
demanded,1
demandeth,1
democrat,1
demur,1
den,1
denied,2
denominated,1
dent,1
deny,1
depart,3
departed,3
departing,2
departure,3
dependent,1
depose,1
depth,1
depths,1
deputed,1
derided,1
derive,1
derives,1
descend,1
descried,2
deserts,1
designated,1
designed,1
desire,2
desist,1
despair,11
despatch,1
despise,3
despoiled,1
destiny,2
destitute,1
detected,1
devastated,1
developed,1
developes,1
devise,1
devising,1
devoid,1
dew,8
dews,4
diadem,2
diadems,1
dial,1
diamond,1
diamonds,2
dice,1
did,29
die,28
died,7
dies,1
differ,1
difference,5
different,7
difficult,5
dilute,1
dim,4
diminution,1
dimity,1
dimly,2
dimmer,1
dimple,1
dimpled,1
dimples,1
dine,2
dining,1
dinner,2
dips,1
direction,1
dirge,1
dirks,1
dirt,1
disappear,1
disappoint,2
disappointment,1
disburse,1
disc,1
discarded,1
discerned,1
discipline,2
disclose,3
disclosed,2
discord,1
discourse,1
discover,1
discovery,1
disdain,1
disdained,1
disembodies,1
disgrace,1
dishonor,3
disk,2
dislocate,1
dismay,2
disparage,1
display,2
displayed,1
displays,1
disrespectful,1
dissembling,1
disseminating,1
dissolve,1
dissolved,1
dissolves,1
distance,10
distances,1
distant,6
distincter,1
distinction,1
distinguished,3
distrustful,1
disturbed,1
ditches,1
diversified,1
divide,1
divided,1
divine,8
divinely,1
diviner,2
divinest,1
diving,1
divinity,1
division,1
divorce,1
divulge,1
dizzy,1
do,50
docile,3
doctor,2
doctor's,1
doe,1
does,11
does'nt,3
dog,1
dollar,1
dome,1
domingo,2
dominion,2
dominions,2
done,17
dont,12
doom,7
doom's,1
doomed,1
doon,1
door,20
doors,2
dost,1
doth,13
double,1
doubt,7
doubtful,1
doubting,1
doubtless,3
dove,2
dower,4
dowered,1
dowerless,1
dowers,1
down,24
downiest,1
dragon,2
drama,4
drama's,1
drank,1
draw,2
drawer,3
dread,1
dream,13
dreamed,1
dreaming,2
dreams,2
dreary,1
dress,3
dresses,1
drew,3
dried,1
drifted,1
drifts,2
drink,2
dripping,1
driven,1
drives,1
drop,7
dropped,6
drops,3
dropt,1
dross,2
drought,1
drove,2
druid,1
drum,3
drums,4
dry,4
ducal,2
duchess,1
duck's,1
due,3
duke,4
dull,3
dum,1
dumb,5
dunce,1
dungeoned,1
dungeons,2
duplicate,2
during,3
dusker,1
dusky,2
dust,9
duties,1
dwarf,1
dwell,7
dwelleth,1
dwelling,1
dwells,1
dye,1
dyes,2
dying,17
e,1
e'e,1
e'en,1
each,27
eager,1
eagerness,1
eagles,1
ear,11
earl,4
earl's,1
early,4
earn,1
earned,2
earning,1
ears,3
earth,15
earthly,3
earthquake,1
ease,5
eased,2
easel,1
easier,8
easily,2
easing,1
east,8
easter,1
easy,12
eat,1
ebbed,1
eclat,1
eclipse,3
economy,1
ecstasy,2
eddied,1
eden,9
edible,1
edifices,1
education,1
effaces,1
efflorescence,1
effort,2
egg,2
egyptian,1
eider,2
either,4
elate,1
elder,1
election,2
electric,1
electricity,1
elegy,1
elemental,2
elephant's,1
eligible,1
eliza,1
ellipse,1
else,4
elude,1
eludes,1
elves,1
em,1
embarrassed,1
embarrasses,1
embarrassments,1
embers,1
emblem,1
embrace,1
embryo,2
emeline,1
emerald,6
emeralds,1
emerge,2
emigrant,1
eminence,1
emperor,3
emperor's,1
emperors,1
empery,1
emphacized,1
emphatic,1
employ,1
enable,2
enabled,1
enact,1
enacted,1
enamel,1
enamor,1
enamored,2
encamping,1
enchant,1
enchanted,2
enchanting,1
encloses,1
encore,2
encounter,1
end,4
endear,1
endeavoring,2
ended,1
endorsement,1
endowed,1
endured,1
enemy,2
enfranchised,1
england,2
engrossed,1
enjoining,1
enlarged,1
enlightened,1
enlightening,1
enlist,1
enmity,1
eno,1
enough,9
entailed,1
entered,4
entering,1
enterprise,1
entertain,1
entertains,1
enthrall,2
entire,1
entirely,2
entitled,1
entrancing,1
envy,1
equal,2
equally,4
equator,1
equilibrium,1
equip,1
erects,1
ermine,2
errand,2
errors,1
escapade,1
escape,6
escapeless,1
escorts,1
escutcheon,1
espousing,1
essay,1
established,2
estate,4
estates,1
esteem,3
esteemed,4
estimate,2
estranged,3
eternal,1
eternally,1
eternity,13
eternity's,1
ether,1
etherial,3
ethics,1
ethiop,1
etiquettes,1
etna's,1
evanesce,1
evanescence,1
eve,2
eve's,1
even,16
evening,4
evenings,1
event,1
eventide,1
ever,12
everlasting,4
every,25
everyday,1
everything,3
everywhere,2
eves,1
evidence,1
except,9
excepting,1
exchange,4
exclusive,1
execute,1
exercising,1
exeter,2
exhaustion,1
exhibit,1
exhibited,1
exhilirate,1
exigencies,1
exile,1
exist,3
existence,3
exists,3
exody,1
exorbitant,1
expanding,1
expanse,1
expectation,3
expedition,1
expends,1
experience,3
experiment,2
expiation,1
expiring,1
explain,1
explained,1
explanation,1
exploring,1
exposes,1
expound,1
express,1
expression,1
extant,1
extasy,2
extatic,1
extent,1
externally,1
extinct,2
extinguish,1
extol,1
extravagance,1
extremer,1
extremity,2
eye,27
eyes,27
fabulous,1
face,33
faced,1
faces,6
fact,2
faded,3
fading,2
fail,4
failed,6
failest,1
failure,2
faint,4
fainter,2
fainting,2
fair,14
fairer,2
fairest,1
fairy,1
faith,7
faithful,3
fall,5
fallow,1
falls,1
fame,3
fameless,1
familiar,2
famine,3
famishing,1
famous,1
fan,3
fancy,1
fantastic,1
fantasy,1
far,31
farewell,2
farm,2
farmer,1
farmers,2
farming,1
farther,2
farthest,2
farthings,1
fascinated,1
fashion,3
fashionable,1
fashioned,4
fashions,1
fast,3
fastened,1
faster,1
fastness,1
fasts,1
fatal,3
fate,5
fate's,1
father,7
father's,1
fathers,1
fathoms,1
favor,2
favorite,1
fear,12
feared,2
fearing,3
fearless,1
feast,1
feat,1
feather,2
feathers,3
feature,3
features,2
febuary,1
fed,2
feeds,1
feel,9
feeling,1
feels,2
feet,17
felicity,2
fell,8
fellow,6
fellows,1
fellowship,1
felt,7
fence,3
fences,3
ferocious,2
fetch,2
fetched,1
fever,1
few,10
fiction,1
fiction's,1
fictitious,2
fidelity,1
fields,5
fiercer,1
fife,1
fife's,1
fifth,1
fight,2
figure,2
figures,2
fill,5
filled,2
film,1
films,1
final,1
finally,1
find,21
finding,3
fine,9
finer,7
finger,2
fingers,12
finish,2
finished,4
finite,2
finitude,1
fire,5
fire's,1
fires,1
firm,3
firmament,5
firmer,1
first,23
fisherman's,1
fissure,1
fit,5
fits,1
fitted,2
fitter,1
fitting,3
five,1
fix,1
fixed,1
flag,2
flags,2
flake,1
flakes,1
flambeaux,1
flame's,1
flamingo,1
flask,2
flasks,1
fled,2
flee,4
fleece,2
fleeces,1
flees,1
fleet,2
fleeting,1
flesh,5
flew,2
flickering,1
flickers,1
flies,1
flight,1
flinch,1
fling,2
flinging,1
flings,2
flits,1
flitting,1
floating,1
flocks,1
flood,2
floods,1
floor,5
floorless,1
florid,1
flow,1
flower,21
flower's,1
flowers,7
flowing,1
flown,2
fluctuates,1
flung,1
flutter,1
fluttering,1
fly,10
flying,2
focus,1
foe,3
fog,1
fold,3
foliage,2
folks,1
follow,3
followed,2
following,1
fond,2
fonder,1
fondled,2
food's,1
fool,1
foot,7
footing,1
footman,1
for,260
forbid,2
forbids,1
force,4
forces,6
forcing,1
ford,1
forefinger,1
forehead,7
foreign,1
foreigner,1
forest,1
forestall,1
forestalling,1
forests,2
forever,7
forfeit,5
forge,4
forget,12
forgets,1
forgetting,2
forgive,3
forgiven,2
forgot,10
fork,1
former,4
formula,4
forswears,1
fortune,1
fought,1
found,8
founded,1
foundering,1
founds,1
fourth,1
fox,1
fraction,2
fracture,2
fragile,1
fragrant,1
frame,1
frank,2
frankfort,1
frantic,1
fraud,1
freckled,3
free,3
freight,4
frequent,2
fresh,2
fresher,1
fretting,1
friend,13
friend's,1
friends,2
friendship,1
frilled,1
fringed,1
fringes,1
frock,2
frog,1
from,100
front,1
frontier,2
frost,8
frosts,5
fugitive,1
fulfilled,1
full,8
fuller,1
fullest,1
fumbled,1
fun,1
function,3
funeral,1
furloughs,1
furniture,1
furrow,1
further,18
furze,1
fustian,1
futile,2
future,3
fuzz,3
gad,1
gaily,1
gain,9
gained,3
gale,1
gales,1
gallant,2
gallanter,1
galleries,1
gallop,1
gallows,1
gamblers,1
gaping,1
garden,4
garret,1
gasped,1
gasping,1
gate,7
gathered,4
gathering,1
gauze,2
gave,3
gay,9
gaze,3
gem,4
gems,1
general,1
genesis,2
geneva's,1
genoa,1
gentian,3
gentility,1
gentle,2
gentleman,2
gentlemen,1
gentlewomen,1
gently,2
get,5
gethsemane,1
gets,2
getting,1
ghost,3
giant,2
giants,3
gilded,2
gilt,1
gimblets,1
gipsey,1
gird,1
girl,7
girls,1
girt,1
give,10
given,5
glad,5
gladdened,1
glance,2
glass,6
gleam,2
glee,2
glimmering,1
glittering,1
gloat,1
gloria,1
glorified,1
glory,9
glory's,1
glove,1
glow,6
glowing,3
glutton,1
gnat,3
gnat's,4
go,40
goblin,2
god,31
god's,2
gods,6
goes,9
going,20
golconda,1
gold,14
golden,8
goliah,1
gone,21
good,16
goodmorrow,1
got,8
gourmand,1
gown,7
grace,16
gracious,1
grains,1
grand,3
grandame's,1
grandsires,1
granite,2
grant,5
granted,1
graphicer,1
grapples,1
grasp,2
grasped,2
grass,7
grate,2
gratitude,2
grave,18
grave's,1
gravitation,2
gray,2
great,11
greater,2
greatness,1
greedy,2
greek,2
green,5
greener,1
greenwood,1
greet,1
grew,11
grief,12
griefs,1
grieved,1
groped,1
ground,4
groups,1
grow,2
grown,1
grows,4
guaging,1
guard,4
guess,8
guessed,2
guest,5
guests,4
guides,2
guillotine,1
guinea,1
gun,2
gurgle,1
gush,2
gymnastic,1
habit,1
had,89
haggard,1
hair,9
halcyon,2
half,8
hallowed,1
hallowing,2
hamlet,2
hammer,2
hand,24
handed,1
handle,1
hands,9
hang,2
hanged,1
hangs,2
haply,4
happiness,2
happy,4
harass,1
harbor,1
hard,2
harder,2
hardest,1
hardly,1
hark,1
harm,5
harmony,1
harriet,1
harvest,1
has,48
hasps,1
hast,5
haste,2
hat,4
hate,2
hated,2
hateful,1
hath,9
haughty,2
haunted,1
haunting,1
hav'nt,1
have,94
having,2
haworth,1
hay,3
haze,1
hazel,1
he,96
he'd,1
he'll,1
head,8
health,1
heaped,1
hear,10
heard,13
hearing,2
hearse,1
heart,33
heart's,2
hearth,1
hearts,2
hearty,1
heat,3
heaven,31
heavenly,4
heavens,2
heaves,1
heavier,1
heaviest,1
heavy,2
heed,1
heedless,1
heft,1
heir,1
held,11
hell,2
helmsman,1
help,3
helped,2
helps,1
hem,2
hemispheres,1
hemlock,1
hemlocks,1
hems,1
hence,1
henceforth,1
her,130
her's,1
here,27
herein,1
hermetic,1
hero,1
heroes,1
heroic,1
herself,1
hesitate,2
hid,3
hidden,1
hide,5
hiding,1
high,8
higher,1
highland,1
hight,4
hill,14
hillocks,1
hills,5
him,55
himself,8
hinder,1
hindered,1
hindering,1
hinge,1
hint,2
his,113
histories,1
hither,1
ho,3
hoard,1
hoary,1
hoe,1
hold,5
holds,3
holiday,4
holland,1
hollows,1
home,17
homelier,1
homely,1
homes,3
homesick,2
homesickness,1
honest,3
honesty,1
honey,2
honey's,1
honor,2
hoofs,1
hope,7
hoped,4
hopeless,3
hopes,1
hoping,1
hopped,1
hopper,1
horizon,2
horizontal,1
horns,1
horror,2
horror's,1
horse,1
hospitality,1
host's,1
hosts,1
hot,2
hound,2
hour,10
hours,4
house,20
houses,5
housewife,1
hovering,1
how,66
however,2
hue,2
hues,1
hug,1
huge,1
hum,3
human,10
humble,1
humility,1
humming,4
hunch,1
hunched,1
hundred,5
hung,3
hunger,2
hungry,6
hunt,2
hunted,3
hurrah,2
hurried,1
hurry,1
hurrying,1
hurt,6
hurts,1
hut,1
hymn,4
hyperbole,1
hypothesis,1
i,523
i'd,10
i'll,17
i'm,21
i've,6
ice,1
ices,1
icicle,1
idea,1
ideal,2
identified,1
identify,1
identity,1
idleness,1
if,120
ignite,1
ignoble,1
ignominy's,2
ignorance,1
ignorant,4
ignores,1
ill,2
illegitimate,1
illuminate,1
illusive,1
illustrious,1
imagery,1
imitate,2
imitating,2
imitation,1
immaterial,1
immediately,1
immensity,1
immortal,3
immortality,8
impatient,1
impeach,1
impelled,1
imperceptible,1
imperfect,1
imperial,4
imply,1
import,1
importunes,1
impose,1
imposing,2
impossible,1
impotence,1
impotent,1
impregnable,1
in,309
incident,1
incisions,1
incisive,1
incivility,1
include,1
included,1
income,1
inconceivably,1
increased,1
incredible,1
indebtedness,1
indeed,2
indemnity,1
independent,2
indestructible,1
india,3
indian,2
indicating,1
indifferent,2
indigence,1
individual,1
individuals,2
indolent,1
induced,1
industrious,1
industry,2
ineffable,1
infamy,2
infer,3
inference,1
inferior,2
infinite,5
infinity,3
inform,1
ingots,1
inhere,1
inheritors,1
iniquity,2
inlets,1
inn,5
inner,3
innocence,1
innominate,1
inns,1
inquire,1
inquiry,1
inscribes,1
insect,1
insecure,1
insolvency,1
inspected,1
inspecting,2
inspection,1
inspection's,1
inspiriting,1
instant,6
instant's,1
instead,6
institute,1
instructed,2
instructs,1
insulting,1
intending,1
intent,2
intention,1
interceptive,1
interposed,1
interrogates,1
interrupt,2
interrupting,1
interruptions,1
interspersed,1
interval,1
intervene,1
intimate,3
intimates,1
into,7
intrenched,1
intricately,1
intrinsic,1
introduce,2
intrude,1
intuition,1
invalidate,1
invest,1
investigating,1
invincibly,1
inviolate,1
invitation,1
invites,1
invoke,1
involving,1
iodine,2
irony,1
is,310
isles,2
isolate,1
issues,1
it,312
it's,89
italic,2
italy,1
itself,29
jacob,2
jail,1
james,1
jar,4
jason,1
jasper,1
jay,1
jealous,2
jehovah,1
jehovah's,1
jest,1
jesus,6
jew,1
jewel,4
jewels,1
joggle,1
john,1
join,1
jolt,1
jordan,1
journey,3
jove,1
joy,7
joyous,1
judas,1
judgment,2
juggler,1
jugs,1
juices,1
juliet,1
june,6
junior,1
just,70
justice,2
justified,4
justify,1
keen,2
keep,15
keeper,1
keeping,1
keeps,6
keepsake,1
keepsakes,1
kept,3
key,1
keyless,1
kidd,2
kill,3
kind,4
kindly,1
king,5
kingdom,1
kingdoms,1
kinsmanship,1
kinsmen,1
kirtle,1
kissed,1
knee,1
kneeling,2
knell,1
knew,16
knife,1
knight,1
knitting,1
knock,1
knocked,1
knocker,1
knocking,2
knocks,1
knoll,2
know,54
knowest,1
knowing,7
knowledge,2
known,5
knows,9
labor,1
lace,1
lacerating,1
ladder's,1
ladies,1
lady,5
lady's,1
lagging,2
laid,5
lain,6
lake,1
lambs,1
lamp,1
lamps,1
land,6
landlord,2
lands,1
landscape,3
lap,2
laps,1
lapse,1
larder,1
large,7
larger,7
largest,6
lark,3
last,18
lasted,1
latch,1
late,7
lately,2
later,3
latest,2
latin,1
latitude,1
latitudes,1
laugh,4
laughed,2
laughs,1
launch,1
launching,1
laurel,4
law,2
lawful,1
lawns,1
lay,12
lazy,1
lea,1
lead,3
leading,1
leads,3
leaf,1
leaking,1
lean,1
leaned,1
leant,1
leap,2
leaped,3
learn,1
learned,3
learneth,1
lease,2
least,11
leave,10
leaves,4
leaving,3
led,3
leech,1
left,14
legacy,1
legend,2
legislature,1
length,1
lens,1
lenses,1
lent,1
less,10
lesser,1
lest,17
let,14
let's,1
lets,1
letter,4
letters,2
level,1
lexicon,2
libation,1
liberty,2
liberty's,1
license,1
licensed,1
licked,1
lid,4
lie,11
lies,6
life,48
life's,8
lift,9
lifted,1
lifts,1
light,23
lightly,1
lightning,1
lights,1
like,86
liked,1
lilac,1
lilies,1
lily,1
limit,4
limited,1
limitless,1
lincoln,1
line,1
lines,1
linger,1
lingering,1
lip,4
lips,11
liquid,1
lisps,1
list,3
listener,1
listening,3
listless,1
lists,1
lit,1
lithe,1
little,73
live,21
lived,4
livelong,1
lives,8
livid,2
living,6
ll,1
lo,3
load,2
loaded,1
loaves,1
lock,4
lodged,2
lodging,1
logarithm,1
loins,1
lone,1
lonelier,1
loneliness,5
lonely,4
lonesome,4
long,24
longer,4
longest,2
look,19
looked,6
looketh,1
looking,7
looks,6
loom,1
loop,2
loose,1
lord,7
lore,2
lose,6
loss,8
lost,10
lot,4
loud,1
loudest,1
love,24
loved,2
loveliness,2
lover,3
lover's,1
lovers,2
lovest,1
loving,4
low,13
lower,1
lowly,2
loyal,1
lull,1
luna,1
lungs,1
lurks,1
lustre,1
lustrous,1
lutes,1
luxury,3
lying,1
mad,1
made,12
madness,2
madonna,2
maelstrom,2
magic,1
magnitude,1
maid,4
maiden,1
maidens,1
maids,1
mail,2
mailed,1
main,1
maintain,1
majestic,2
majesty,3
major,1
majority,1
mak'st,1
make,26
maker,1
maker's,1
makes,15
making,1
malay,1
mama,1
man,19
manacle,2
manacles,1
mangle,1
mangles,1
manifold,2
mankind,1
manner,1
manners,1
mantel's,1
many,17
maples,1
mar,1
marauds,1
marble,2
march,8
marching,1
market,1
markets,1
married,1
marrow,1
marrowless,1
marrows,1
mars,1
marshalled,1
marshalling,1
marshallings,1
martial,3
martyrs,1
masonry,1
massacre,1
master's,1
mat,2
match,2
matched,1
mate,1
matins,1
matter,1
matters,1
mattrass,1
matured,1
maturer,1
maturing,1
may,40
maybe,1
mayest,1
me,181
mead,1
meadow,4
meadows,2
meagre,2
meals,1
mean,5
meaner,1
means,1
meant,2
measure,5
measuring,2
meat,1
mechanic,1
mechanically,1
medicine,1
meed,1
meek,7
meekest,1
meet,10
melody,4
mem'ry,1
members,1
memento,1
memory,5
men,18
menace,1
menacing,1
mend,1
mended,1
mention,2
merciful,1
mere,1
merely,1
merest,1
meridian,1
merit,1
merry,6
mesmeric,1
messenger,1
met,11
metre,1
middle,1
midge,1
midnight,4
midnight's,1
midsummer,1
might,18
mightier,1
mightiest,1
mighty,7
mild,1
mile,2
mill,1
milliner,1
milliner's,1
million,1
millionaire,1
mind,26
minded,1
minds,2
mine,43
mines,3
mingled,2
minister,2
minnows,1
minor,3
minted,1
minute,3
minuter,2
minutes,1
minutest,2
miracle,4
mirage,1
miseries,1
misery,4
misgiving,1
miss,5
misses,2
missiles,1
missing,1
missum,1
mistake,2
mistletoe,1
mistook,1
mistress,2
mixing,2
mob,1
moccasin,1
mockery,1
modest,2
mold,1
moment,9
momentous,1
moments,1
monad,1
montcalm,1
month,1
mood,1
moon,13
moor,1
mooring,2
more,54
mori,1
morn,12
morn'g,1
morning,22
morning's,4
mornings,1
morns,1
morsel,1
mortal,7
mortality,3
moss,4
mosses,1
most,16
mostly,4
motes,1
mother,1
motion,3
motive,1
mould,3
moulder,1
mountain,7
mountains,3
mourn,1
mourner,2
mourners,1
mournful,2
mouse,1
mouth,1
move,2
moved,3
moving,1
mower's,1
mozart,1
mr,3
much,13
mud,1
muffled,1
multifold,1
multiply,1
multitude,1
mundi,1
munificence,1
murder,1
murmured,1
muscle,1
muses,1
music,3
music's,1
musket,1
must,28
mute,2
my,239
myriad,1
myself,27
mysteries,1
mysterious,1
mystery,3
mystic,2
myths,1
nail,2
nails,1
naked,2
name,14
names,4
narrates,1
narrow,6
nation,1
nations,3
native,3
nature,24
nature's,11
navies,1
nay,3
nazareth,1
ne'er,3
near,5
nearer,3
nearest,1
nearness,1
nears,1
necessity,1
necklace,1
necromancer,1
need,8
needle,1
needles,2
needless,1
needs,3
negative,1
neglect,1
negro,1
neighbor,3
neighbor's,2
neighborhoods,1
neighbors,5
neither,1
nerve,6
nescessary,1
nescessity,2
nest,2
nestled,1
never,60
new,21
newer,1
newest,1
news,8
next,9
nice,1
nicely,1
nicknamed,1
nicodemus,1
niggardly,1
night,36
nightfall,1
nightgowns,1
nights,5
nimble,2
nine,1
no,98
noah,1
noble,1
nobody,4
nods,3
noise,4
none,11
nooks,1
noon,19
noons,3
nor,45
norseman's,1
north,5
not,206
notching,1
note,4
noted,1
notes,2
nothing,9
notice,5
noticed,2
notices,1
noticing,1
notified,1
notwithstanding,1
nought,3
novel,2
now,37
null,1
nulls,1
numb,5
number,1
number's,1
nurse,2
nutrition,1
o'clock,1
o'er,6
o'year,1
oak,1
oath,1
obedient,2
obey,1
obligation,3
obligations,1
obliging,1
oblique,1
obliterate,2
oblivion,1
oblivion's,1
obscured,3
obscures,1
observe,2
observed,1
obstacles,1
obtain,3
obtains,2
obviated,1
occasion,1
occasional,1
occident,1
occupants,1
occupied,1
occupy,1
occupying,1
occurred,1
ocean,1
october,2
odd,3
oddest,1
oddity,1
odors,2
of,502
off,5
offended,1
offer,2
offered,1
offering,1
offers,1
office,1
often,11
oftener,3
oftentimes,1
oh,27
oil,1
old,14
oldest,1
omen,1
ominous,1
omit,1
omitted,2
omnipotence,2
on,93
once,19
one,94
one's,1
ones,1
only,31
onset,1
oozed,1
open,6
opened,3
opens,2
opera,1
opinion,1
opon,66
opportunity,3
oppose,1
opposing,2
opposite,4
oppositely,1
option,1
optional,2
opulence,1
or,117
orchard,2
orchards,1
orchestra,1
orchis,1
ordained,1
order,2
orderly,1
ordinary,1
ordination,2
ore,2
ores,1
orient,1
ornament,1
ostensibly,1
ostentation,1
other,34
others,5
ought,1
our,57
our's,4
ourself,2
ourselves,8
out,31
outer,2
outgrow,2
outgrown,1
outlasts,1
outlets,1
outside,2
outstripped,2
outvisions,1
over,12
overbold,1
overcome,2
overgrown,1
overlook,1
overlooked,2
overtake,1
overtaking,1
own,24
owned,2
owner,3
owns,1
oxygen,1
pace,4
pack,2
pageant,1
pageantry,2
pages,1
paid,1
pain,16
paints,1
pair,2
palace,1
palaces,2
palate,1
pall,1
palliate,1
palls,1
pane,3
pang,1
pangless,1
panther,1
panting,1
parade,1
parades,1
paradise,13
paradox,1
paragon,1
paralyze,1
paralyzing,1
parasol,1
parched,1
parching,2
pare,1
paris,1
parley,1
parliament,1
parlor,1
parlors,1
part,7
partakes,1
particles,1
parties,1
parting,10
partition,1
partook,1
partridge,1
parts,1
party,2
pass,8
passed,8
passenger,1
passer,1
passes,2
passing,2
past,6
past's,1
paste,2
pastures,1
patches,1
patent,1
pathetic,1
pathos,1
patience,1
patient,4
patriarch's,1
patriot,1
pattern,2
pattie,1
pause,1
paused,1
pausing,3
pay,2
pays,1
peace,2
peaceful,1
pearl,4
pearls,1
peasants,2
peat,1
pebble,1
peculiar,1
peddler,1
pedigree,1
peep,2
peeped,1
peevish,1
peg,1
pencil,2
pendulum,1
peniel,1
penniless,1
pensive,1
penurious,1
penury,1
people,5
perceive,2
perceived,1
perceives,1
perceiving,1
perch,1
perchance,1
perdition,2
perfect,3
perfectness,1
perfidy,1
perfume,1
perhaps,14
peril,1
peril's,1
period,1
periods,2
perish,4
perished,5
perishing,2
perjury,2
permission,1
permit,2
permitted,1
perpetual,2
perplexed,1
perplexedly,1
perquisite,1
persistent,1
person,3
persons,1
perspicacity,1
persuaded,1
perturbation,1
peru,1
perusal,1
pervades,1
petal,1
petals,4
peter,6
petition,1
petition's,1
phantasm,1
phantasms,1
phantom,2
phebes,1
philip,1
philosopher,2
phosphor,1
phosphorous,1
phrase,1
picked,1
pictorial,1
picture,3
picturesque,1
pie,1
piece,1
pierce,2
piercing,1
pigmy,1
pile,2
piled,1
pilgrim,2
pillage,1
pillow,3
pilot,2
pinched,1
pink,7
pins,2
pioneer,1
pipe,3
pippin,1
pirouette,1
pitied,1
pittances,1
pity,3
placard,1
place,21
places,2
plain,6
plan,4
planetary,1
planets,1
plank,1
planks,1
planned,1
planted,1
plate,1
plated,2
plausibility,1
plausible,2
play,17
played,1
playing,2
playmates,1
playthings,1
plea,1
pleading,2
pleasant,1
please,5
pleased,1
pleasing,1
pleasure,4
plenty,2
plight,1
plotting,1
pluck'd,1
plucked,1
plumbing,1
plumed,1
plumes,1
plunder,1
plush,4
plushes,1
pod,2
poems,1
poetry,1
poets,2
poignancy,1
pointed,1
pointers,1
poise,1
polar,3
polite,1
pomp,2
ponder,1
pondered,1
ponders,1
pools,1
poor,4
popocatapel,1
popular,1
pore,1
pored,1
port,2
portable,1
portentous,1
portion,1
positive,2
positively,1
possess,1
possesseth,1
possessing,1
possession,1
possible,3
possibly,4
potential,1
potosi,1
pounce,1
pound,1
pounds,1
poured,1
pouting,1
poverty,5
power,14
practise,1
practising,1
praise,2
prance,1
prank,1
prater,1
prattle,1
pray,6
prayed,3
prayer,5
prayers,1
praying,1
preachesa,1
preappointed,1
precarious,2
preceded,1
preceding,1
precept,1
precinct,1
precincts,1
precious,1
precipice,1
precise,1
precisely,4
predestined,1
prefer,2
preferred,4
premature,1
premises,1
premium,1
preparation,1
prepares,1
presence,4
present,6
presenting,1
presents,4
preserved,1
press,3
presume,3
presumed,2
presuming,1
presumption,1
pretense,1
pretty,3
prevail,1
prevent,1
prey,1
price,3
prices,1
pricks,1
prima,1
prime,1
prince,4
printed,1
prism,1
prison,1
prisons,1
privilege,5
prize,4
probably,1
probed,1
probing,1
problem,3
proceed,1
proceeds,1
process,2
procession,1
proclaim,2
procure,1
product,1
products,1
profound,4
prognostic's,2
prohibit,1
projects,1
promise,3
promised,1
promptness,1
pronounce,1
property,2
propitiate,1
propound,1
propounded,1
propoundeth,1
prosaic,1
prose,1
prospect,2
prospect's,1
prospective,3
prosperity,1
prosy,1
protracted,1
proudest,1
prove,5
proved,2
provided,1
provoking,1
prowling,1
prudence,1
prudenter,1
prudential,1
pry,1
public,2
publicity,1
publish,1
publishes,1
pulse,1
punctual,2
punctuate,1
puncture,1
pungent,2
punishment,1
puppet,1
purchasing,1
purer,1
purple,15
purples,1
pursue,1
pursued,3
push,4
put,24
puts,1
puzzle,1
puzzled,3
quaint,2
quaintest,1
quaintly,1
qualified,2
qualify,1
quality,1
quantity,1
queen,6
quench,1
quest,1
question,3
questioned,1
questions,1
quick,3
quickened,1
quicker,1
quiet,3
quite,4
quivered,2
quivering,2
quivers,1
quoth,2
race,1
races,1
rack,1
rafter,1
rags,1
rain,1
rainbow,2
rains,1
raise,1
rallies,1
ran,2
range,1
rank,5
rankle,2
ransomed,1
rapid,2
raps,1
rapt,1
rapture,2
rare,2
rarer,1
rascality,1
rat,2
rather,6
ratified,1
ratio,1
rattle,1
ravelled,1
ravished,2
re,1
reach,6
reached,2
reaches,1
read,2
reading,1
reads,1
ready,3
real,2
really,2
realm,5
realms,4
reap'st,1
reapers,1
rearrange,1
rears,1
reason,1
reasons,1
recall,1
receive,2
received,1
receives,1
recently,1
recitation,1
reckoned,1
recognition,1
recollect,4
recollected,1
recollecting,2
recollection,1
record,2
recorded,1
rectified,1
red,8
redbreast,1
redemption,2
redoubt,1
reds,1
reduce,1
refined,1
refining,1
reflection,1
refuse,1
regale,1
regards,1
regiment,1
regret,2
regulates,1
rehearsal,1
reimburse,1
reining,1
rejoice,1
related,1
relegates,1
relent,1
reluctant,2
reluctantly,1
remain,6
remained,4
remaineth,1
remaining,4
remains,2
remanded,1
remedy,1
remember,5
remembered,2
remembers,1
remembrance,1
reminded,1
remits,1
remnant,1
remote,1
remotely,1
remoter,1
remotest,2
remove,2
removed,1
removing,1
rendered,1
rendezvous,1
renew,1
renown,4
renowned,3
rent,1
repair,1
repast,1
repay,1
repeal,1
repealless,1
repeat,1
repine,2
replaced,1
replied,1
reply,5
report,1
repose,3
representative,1
reprieve,4
reproduce,1
reproduced,1
repudiate,1
repudiates,1
repugnantly,1
repulse,1
request,2
requiring,1
requisition,1
resemble,1
resembling,1
reserve,1
reserved,1
reservoir,1
reside,1
residence,1
residences,1
residing,1
resigned,2
resist,2
resoluter,1
resonance,1
respite,1
respites,1
responsibility,2
rest,7
resting,1
restore,2
result,1
resume,1
resuming,1
resurrection,2
retain,2
retarding,1
reticence,1
reticent,2
retire,2
retires,1
retreat,1
retreating,1
retrieveless,2
retrogade,2
retrospect,3
retrospection,1
return,7
returned,1
reveal,2
reveals,1
revelation,1
revelry,1
reverberation,1
revere,1
reverential,1
reverently,1
reverse,3
reviews,1
revive,1
reward,2
rhine,2
rhyme,1
rhymes,1
ribbon's,1
ribbons,2
rich,4
richer,1
riches,3
rid,1
riddle,3
ride,4
riding,1
right,7
rigor,1
rill,1
rind,2
ring,2
ringing,1
ringlet,1
riot,1
ripe,1
ripeness,1
ripenings,1
rise,7
rises,2
rising,1
risk,1
rites,1
rival,1
rivers,1
rivet,2
road,10
roads,1
roam,1
roar,1
rob,1
robbed,1
robber,1
robe,2
robes,1
robin,5
robin's,2
robins,4
rock,2
rod,1
rogues,1
roll,3
rolled,3
rolling,2
romance,1
romeo,1
roof,1
room,10
rooms,5
root,3
rose,16
roses,2
rosier,1
rosy,1
rouge,1
round,10
route,3
rower,1
rowing,1
royal,2
royalized,1
royalty,1
rubbers,1
ruby,2
ruby's,1
ruddier,1
ruddy,1
rude,1
ruin,1
rule,1
rum,1
rumble,1
rumbles,1
rumor,1
rumor's,2
run,5
running,1
runs,1
rush,1
russet,1
rustics,1
rustle,1
sabbath,2
sackcloth,1
sacrament,2
sad,1
saddened,1
sadly,1
sadness,1
safe,1
safer,1
safety,1
sagacious,1
sagacity,1
sagest,1
said,8
sail,1
sailed,2
sailing,2
sailor,1
sails,3
saint,1
saints,3
saith,1
sake,5
salary,1
sallow,1
salute,1
saluting,1
same,7
sand,1
sandals,1
sands,2
sang,2
sanity,1
sank,1
sapphire,1
sarah,1
satan,1
satiety,2
satin,2
satirist,1
satisfied,2
sauntered,2
savans,1
save,4
saved,3
savior,1
saw,7
say,33
saying,2
scabbard,1
scalds,2
scan,1
scanned,4
scans,1
scant,2
scantily,2
scanty,3
scar,1
scarce,4
scarcely,4
scarlet,6
scarlets,1
scattered,1
scene,5
scenery,1
sceptic,1
sceptre,1
schemes,2
scholar,1
school,6
schoolboy,1
schoolroom,1
science,2
sciences,1
scold,2
scooping,1
scope,1
score,2
scowled,1
screens,1
screw,1
scrutinize,1
scrutiny,2
sea,29
seal,2
sealed,2
seamless,1
search,2
searching,1
seas,2
seashore,1
season,1
seasons,5
seats,1
second,9
second's,1
seconds,1
secret,6
secreting,1
secrets,5
secure,2
secured,1
secures,1
security,1
sedge,1
seduce,1
see,39
seed,3
seeds,1
seeing,1
seek,6
seeketh,2
seeking,1
seeks,1
seem,2
seemed,2
seemeth,1
seems,6
seen,11
segment,1
seize,1
seldom,1
selects,1
sells,1
send,5
sending,1
sends,1
sensation,1
sense,2
sent,4
sentence,2
sentenced,1
sentences,1
sentiment,1
sentiments,1
sepal,1
separate,2
sepulchral,1
sepulchre,3
sequence,1
seraphs,1
serene,1
serener,2
sermon,1
serpent,1
serve,1
served,1
service,1
services,1
session,1
set,6
sets,1
settest,1
setting,2
settled,2
seven,1
seventy,1
severe,1
sexton,1
sh'd,2
shadows,1
shaft,1
shafts,1
shake,1
shakespeare,1
shal't,1
shall,34
sham,1
shame,2
shames,1
shant,2
shape,4
shapeless,1
shapes,2
share,1
shared,2
sharp,1
sharpest,1
shaw,1
she,53
she's,3
sheaves,1
sheen,2
sheet,2
shell,2
shepherd's,1
shield,1
shift,2
shimmering,1
shines,1
shining,3
shivering,1
shod,1
shoe,2
shoes,2
shook,2
shoot,1
shopman,1
shore,4
shores,1
short,5
shorter,3
shot,2
should,34
shoulders,1
shouts,2
show,17
showed,2
showing,1
shows,4
showy,1
shrank,1
shrewd,2
shrewder,2
shriek,2
shrunken,1
shun,2
shunning,1
shut,12
shuts,3
shutter,1
shutting,2
shy,3
sic,1
sick,1
sickness,1
side,12
sides,1
sigh,2
sighing,3
sight,11
sight's,1
sighted,1
sign,4
signed,1
signor,2
signs,2
silence,3
silent,2
silently,1
silken,1
sill,1
silver,7
similar,1
simple,12
simpler,1
simplicity,2
simplified,1
simply,1
simultaneous,1
sin,2
since,17
sincere,1
sinew,3
sing,8
singeth,1
singing,4
single,6
sings,2
sip,1
sipped,1
sir,9
siren,1
sister,1
site,2
sitting,1
situated,1
situates,1
six,1
size,4
skaters,1
skies,8
skill,2
skim,1
skip,2
skirmish,1
skirted,1
skirts,1
sky,19
slain,1
slake,1
slanting,1
slash,1
sleds,1
sleek,1
sleep,15
sleeping,1
sleeps,1
sleepy,1
sleet,1
slept,1
slid,1
slim,2
slink,2
slipped,2
slipper,1
slow,11
slowest,1
slowly,2
slumbering,1
small,16
smaller,4
smallest,3
smart,1
smartness,1
smile,15
smile's,1
smiled,1
smiles,1
smiling,2
smooth,1
smuggled,2
snake,2
snap,1
snatch,1
snow,12
snows,1
so,196
soaring,1
sober,1
society,2
socket,1
sod,1
soever,1
soft,7
softened,1
softly,7
softness,1
soil,1
solaces,1
sold,1
soldered,1
soldier,1
soldiers,1
sole,1
solemn,12
solemnizes,1
solid,3
solo,1
some,51
somebody,2
somehow,2
something,7
sometime,1
sometimes,7
somewhat,2
somewhere,4
son,2
song,1
soon,8
sooty,1
sorer,2
sorrow,2
sorry,1
sort,4
sought,1
soul,33
souls,2
sound,7
sounded,1
soundless,2
sounds,5
south,7
souvenir,2
sovreign,7
sow,1
sowing,1
sown,5
space,1
spacious,2
spade,2
spaniel,1
spare,5
spared,1
sparkling,1
sparrow,1
sparrows,2
speak,5
speaks,1
species,4
specious,1
spectres,1
speculate,1
sped,2
speech,3
speedily,1
spell,1
spent,1
sphere,1
spheric,1
spices,2
spicy,3
spied,2
spikenards,1
spill,2
spilled,1
spin,1
spins,1
spires,2
spirit,8
spirits,2
splashing,1
splintered,1
split,2
splits,1
spoke,4
spoken,1
spokes,1
sport,1
sportsman,1
spot,2
sprightly,1
spring,8
springs,2
spurn,4
spurning,1
spy,2
square,2
squirrel,2
squirrels,1
st,3
stab,2
staggered,1
staggering,1
stain,2
stained,1
stains,1
stairs,1
stalactite,1
stale,1
stamped,1
stand,6
standing,2
stands,8
stanza,2
stapled,1
staples,1
star,9
star's,1
stare,4
stares,1
stars,6
start,6
started,1
startled,1
starved,3
state,2
stated,2
statelier,2
stately,5
statement,1
states,1
statesman's,1
station,3
stature,1
staunch,1
stay,9
stayed,1
staying,2
stays,1
steadfast,3
steadfastness,1
steadily,1
steady,2
steal,3
steals,1
stealthily,1
stealthy,1
steel,2
steep,1
steeple,2
steeple's,1
steeples,1
stem,2
stemless,1
step,1
stepping,1
steps,2
sterile,1
sterling,1
stiff,1
stiffly,1
still,42
stillness,2
stimulants,1
stimulate,1
stimulus,1
sting,1
stint,2
stipulate,2
stir,9
stirrup,1
stirs,1
stitch,1
stock's,1
stocks,1
stole,5
stolid,2
stone,6
stood,5
stooped,1
stooping,1
stop,8
stopped,7
storm,3
stormy,1
story,1
stow,1
straight,6
strain,2
strains,3
strange,1
stranger,9
stranger's,1
strangers,2
strangest,1
strata,1
strategy,1
strawberries,1
streams,1
street,2
streets,2
strength,2
stretch,1
stricken,1
striding,2
strike,2
strikes,1
string,1
strives,1
striving,1
stroke,2
strokes,1
strong,3
strove,2
struck,1
struggle,2
struggles,1
stubborn,1
student,1
stumbling,2
stupor,1
styles,1
subdue,1
subject,2
subjection,1
subjects,1
sublime,2
sublimer,1
submitting,1
subsequent,1
subsequently,1
subsist,1
substitute,1
subterranean,2
subtle,2
successful,1
such,43
sudden,6
suddenly,4
sue,1
suffered,2
suffice,4
suffices,1
sufficeth,1
sufficiency,1
sufficient,4
suffused,1
suit,2
suitable,1
suits,1
sullied,1
sum,3
summer,33
summer's,10
summers,1
summertime,1
summit,1
summon,3
summoned,2
sums,1
sun,33
sunburned,1
sunburnt,1
sunder,1
sung,1
sunny,1
sunrise,4
suns,3
sunset,12
sunshine,4
supercilious,2
superfluous,1
superior,3
supersede,1
supersedes,1
superstition,1
supper,1
supplants,1
supplicate,2
supply,1
suppose,2
supposed,3
supposition,2
supremacy,2
supreme,1
supremest,1
surcingles,1
sure,8
surely,1
sureties,1
surfaces,1
surgeons,1
surmise,3
surmising,1
surplice,1
surprise,4
surprised,2
surrender,2
surrendered,4
surry's,1
surveyed,1
surveying,1
survived,1
susan,1
suspect,5
suspend,1
suspended,1
suspends,1
suspense,1
suspicion,3
suspicious,1
sustain,2
sustains,1
swagger,1
swain,1
swam,1
swamps,1
swang,1
swans,1
swarthy,2
sweep,3
sweet,20
sweeter,4
sweetness,1
swept,4
swerve,1
swindled,1
swindlers,1
swing,1
swings,1
swiss,1
sword,1
swung,1
syllable,3
syllables,2
symbol,1
sympathy,1
symptom,2
tabernacle,1
tabernacles,1
table,5
tables,1
tactics,1
take,20
taken,1
takes,4
taking,2
tale,4
talismanic,1
talk,5
talked,2
tall,2
tankards,1
tanks,1
tardy,2
tarnished,1
tassels,1
taste,7
tasted,1
tasteless,1
taught,3
tawdry,1
tea,2
teach,2
team,1
tear,1
tearful,2
tears,3
teaze,2
teazed,1
teazing,1
technicality,1
teeth,1
telegram,1
telegrams,1
tell,31
telling,2
temerity,1
temperature,1
temple,2
temptation,1
tempted,1
ten,1
tenant,2
tenantless,1
tendency,1
tender,3
tenderer,2
tenderly,2
tenderness,1
tends,1
tenements,2
teneriffe,2
tent,2
tenure,1
term,4
termed,2
terrestrial,3
terrible,1
terribler,2
territory,2
terror,3
test,1
testified,1
testify,2
than,69
thank,1
thanked,2
thankful,1
that,307
that's,6
the,1590
theatre,1
thee,57
thefts,1
their,62
their's,2
them,30
theme,1
themself,2
themselves,3
then,83
there,61
there'll,1
there's,10
therefore,1
thereon,2
these,23
thew,1
thews,1
they,88
they'd,1
they're,3
thief,3
thigh,1
thill,1
thimble,1
thine,11
thing,15
things,13
think,16
thinking,1
third,2
thirst,2
thirsty,1
this,106
thither,1
tho,4
thom'son's,1
thomas,2
thorn,2
thorns,1
thoroughly,1
those,21
thou,29
though,32
thought,11
thoughtful,1
thousand,2
thousands,1
thread,1
threatened,1
three,4
threw,1
thrice,1
thrilling,1
thro,9
throe,1
throne,2
thrones,1
throng,1
through,24
thrown,2
thumb,1
thunder,3
thy,16
tiaras,1
tide,3
tides,2
tidings,1
tie,3
tied,1
tiger,1
tight,3
till,40
tilling,2
tilts,1
tim,9
time,32
time's,3
times,5
timid,4
timidity,1
tinsel,1
tint,5
tiny,1
tips,1
tiptoe,1
tiptoed,1
tired,1
tis,47
tis'nt,1
tissue,1
tissues,1
titled,1
to,592
toad,1
toads,1
today,17
toddled,1
toes,1
together,2
toil,3
toilette,3
token,1
told,15
tolling,1
tomb,8
tomorrow,3
ton,1
tone,1
tongue,5
tongueless,1
tonight,4
too,69
took,6
top,1
topaz,1
tops,1
tore,1
torrid,2
toss,1
tossed,1
tossing,1
totalness,1
tottered,1
touch,9
touched,5
touches,2
touching,1
toward,3
towering,1
town,9
toy,1
toys,1
trace,1
traced,1
track,1
tracks,1
tract,1
tracts,1
trade,2
trades,1
tradition,2
tradition's,1
tragedy,2
trailed,1
trailing,1
train,3
trains,2
trait,1
traitor,1
tranquil,1
tranquility,1
transcendental,1
transcending,1
transfigured,1
transgression,1
transit,1
transitive,1
translation,1
transplanted,1
transport,2
transporting,2
trap,1
traveller,2
traveller's,1
travels,1
traversed,1
treason,3
treasure,1
treasures,2
treatise,1
tree,20
trees,5
trembling,2
tremendous,3
tress,1
trick,2
tried,9
tries,1
trifle,3
trifles,2
trifling,1
trillion,1
trinket,2
trinkets,1
trip,1
triple,1
tripoli,1
tripping,1
trips,1
triumph,1
triumphant,2
triumphed,1
trivial,3
trod,1
troops,1
tropic,2
troth,3
troubadour,2
trouble,6
troubled,3
troughs,1
troupe,1
trowsers,1
trudge,1
true,11
truer,1
trumpet,2
trunk,1
trust,7
trusting,1
truth,8
try,7
trying,2
tucking,1
tug,1
tugging,1
tugs,1
tumbled,1
tumbles,1
tune,7
tunes,3
tunis,1
turbid,1
turbulent,1
turn,9
turned,6
turning,2
turns,3
tuscarora,1
twain,1
twas,31
twas'nt,2
twere,3
twice,7
twigs,1
twilight,2
twill,3
twin,1
twine,2
twinkled,1
two,20
twould,7
tyrannies,1
tyrian,1
ultimate,3
unaccustomed,1
unacknowledged,1
unafraid,1
unaided,1
unannointed,1
unanswering,1
uncertain,3
unconscious,1
uncovered,1
undecaying,1
undefeated,1
undepicted,1
under,8
underlie,1
undermined,1
underneath,1
understand,1
understood,1
undiscovered,1
undivine,1
undone,1
undrained,1
unerudite,1
uneven,1
unexpected,2
unexpectedly,1
unfold,1
unfrequented,1
unfurnished,1
ungained,1
unhelped,1
uniforms,1
unite,1
unity,1
universe,2
universe's,1
unjaded,1
unknown,11
unladen,1
unlike,1
unmoved,3
unnescessary,1
unnoticed,2
unnumbered,1
unobtrusive,2
unproved,1
unpuzzled,1
unquestionably,1
unreality,1
unrecorded,1
unrelieved,1
unroll,1
unrolls,1
unsanctified,1
unshared,1
unshriven,1
unspoken,1
unsubstantial,1
unsuspected,2
unsuspecting,3
unsuspended,1
untie,1
until,21
unto,19
untold,2
untouched,2
untoward,1
untraversed,1
unvarying,1
unveil,1
unvisited,1
unwind,1
unwinds,1
up,17
upheld,1
upon,10
upper,2
urging,1
us,49
use,2
used,6
useless,1
uses,1
usual,1
utmost,3
utter,1
utters,1
vacant,1
vail,3
vailed,1
vailing,2
vain,3
valentine,1
valid,1
valley,1
valleys,1
value,3
values,1
valves,2
vane's,1
vanish,1
vanished,1
vanity,2
vanquish,1
vanquished,2
varied,2
various,1
vast,2
vaster,1
vastest,1
vaulted,1
vaunt,1
vein,1
veins,2
velvet,6
venerable,1
venerate,1
venetian,1
veni,1
venice,1
venoms,1
venture,3
vera,1
verdict,1
verge,1
vermin's,1
very,11
vespers,1
vest,2
vesuvian,1
veto,1
vevay,2
viands,1
vibrations,1
vici,1
victor,1
victorious,1
victory,5
vidi,1
view,1
viewed,3
vigilance,1
village,2
villages,2
vindicate,1
violate,1
violet,1
violets,1
violin,1
vision,2
visit,1
visiting,1
vital,4
vitality,1
vitallest,1
vivamus,2
vivid,2
vocal,1
voice,1
volcano,1
volume,1
vote,1
vows,1
vulture,1
w'd,3
waded,2
wailing,1
wainscot,1
wait,4
waiting,4
wake,8
waking,1
waking's,1
walk,7
walked,3
walking,1
walks,1
wall,2
walls,1
waltzed,1
wandered,1
wanderings,1
wane,1
want,8
wanted,1
wanting,1
war,2
wardrobe,1
warm,6
warmed,1
warmth,1
warrant,1
was,107
washed,2
waste,1
wasted,1
watch,1
watched,2
water,5
water's,1
waters,1
wave,5
waxing,1
way,24
waylaying,2
ways,1
we,138
we'd,1
we'll,2
we're,1
wealth,5
wealthier,1
wealthily,1
wealths,1
wealthy,1
wear,15
wearing,2
wears,1
weary,6
weather,1
web,1
wedding,1
weed,2
weep,2
weeping,1
weigh,2
weighs,1
weight,3
welcome,1
weld,1
well,9
went,17
wept,1
were,78
wert,2
west,5
westerly,1
wh,1
what,68
whatever,3
whatsoever,2
wheat,2
wheel,3
wheels,2
when,126
where,31
whereas,1
wherefore,1
wherein,1
whether,9
which,34
whiffletree,1
while,16
whimpered,1
whimpers,1
whining,1
whispering,1
whistle,1
whistled,1
white,8
whiter,1
who,70
who'll,1
whole,9
wholesome,1
wholly,1
whom,9
whose,22
whosoever,1
why,12
wicks,2
wide,2
widen,1
width,2
widths,1
wife's,1
wifehood,1
wild,6
wilderness,3
will,70
willed,1
william,1
willing,1
wilt,2
wily,3
win,3
winces,1
wincing,1
wind,11
window,5
windows,5
winds,5
windy,1
wine,4
wines,1
wing,1
wings,5
winter,7
winter's,1
winters,1
wipe,1
wisdom,2
wisdoms,1
wise,4
wiseness,1
wiser,3
wish,5
wished,1
wit,1
witch,1
witchcraft,1
with,147
withdraws,1
withdrew,3
witheld,1
within,21
withold,1
witholden,1
witholding,1
without,41
withstands,1
witness,4
witnessed,2
wives,1
wizard,1
wo,2
woe,3
woe's,1
woke,1
wolfe,2
woman's,3
women,3
won,1
wonder,15
wonderful,1
wondering,1
wondrous,2
wont,5
woo,2
wooden,1
woods,4
wooed,1
word,10
words,3
wore,2
work,4
worked,1
workman,1
works,1
world,20
worlds,1
worm,3
worms,1
worn,5
worship,1
worst,2
worsted,1
worth,4
worthier,1
worthy,2
would,63
would'nt,3
would'st,1
wound,1
wove,1
woven,1
wreck,3
wrenched,1
wrenching,1
wrestle,1
wrestled,3
wrestler,2
wretch,1
wring,1
wrinkled,1
write,1
written,1
wrote,1
wrung,1
yacht,1
yawning,1
ye,3
year,13
years,13
yellow,2
yellower,1
yesterday,6
yesterday's,1
yet,34
yielding,1
you,108
you'd,3
you'll,2
you're,3
you've,1
young,1
your,32
your's,1
yourself,1
zero,1
zodiac,1
zone,1
zones,2
